graph_type,attack_family,ranking_metric,attack,perturbation_unit,outcome,auc_measure,modularity_regime,mu_t_input,mu_w_input,n,mean_auc,sd_auc,median_auc,min_auc,max_auc,se_auc,ci95_lower_mean,ci95_upper_mean
lfr,edge_weakening_random_subset,random_fixed_10pct,random_fixed_10pct_vary_alpha,deterioration_severity,weighted_directed_community_assortativity,auc_abs_delta,mu_0p075,0.075,0.075,40,0.001731037862602463,0.0005762447465160857,0.00173078080808718,0.0006766394967664455,0.00307840493005018,9.111229443486041e-05,0.001546745851945355,0.001915329873259571
lfr,edge_weakening_random_subset,random_fixed_10pct,random_fixed_10pct_vary_alpha,deterioration_severity,weighted_directed_community_assortativity,auc_abs_delta,mu_0p100,0.1,0.1,40,0.0019304205095228802,0.0006239338135592858,0.0019912279451263105,0.000721636392714,0.0032132382930694396,9.86525980021096e-05,0.0017308767953059766,0.002129964223739784
lfr,edge_weakening_random_subset,random_fixed_10pct,random_fixed_10pct_vary_alpha,deterioration_severity,weighted_directed_community_assortativity,auc_abs_delta,mu_0p125,0.125,0.125,40,0.0022666068607864686,0.0007957604018032424,0.0023616357442416197,0.0006176535709377454,0.00397774223712658,0.00012582076707345034,0.00201211033767494,0.002521103383897997
lfr,edge_weakening_random_subset,random_fixed_10pct,random_fixed_10pct_vary_alpha,deterioration_severity,weighted_directed_community_assortativity,auc_abs_delta,mu_0p150,0.15,0.15,40,0.002590594618398191,0.0009702645755964724,0.0024514332976776,0.0008863691491444,0.00449212722657426,0.00015341229959307392,0.0022802889529893212,0.002900900283807061
lfr,edge_weakening_random_subset,random_fixed_10pct,random_fixed_10pct_vary_alpha,deterioration_severity,weighted_directed_community_assortativity,auc_abs_delta,mu_0p175,0.175,0.175,40,0.0026605973844909788,0.0008238886863144793,0.00251508121110975,0.00144853450127064,0.00448301086451388,0.00013026823935988755,0.0023971049995685587,0.002924089769413399
lfr,edge_weakening_random_subset,random_fixed_10pct,random_fixed_10pct_vary_alpha,deterioration_severity,weighted_directed_community_assortativity,auc_abs_delta,mu_0p225,0.225,0.225,40,0.0027107053502178255,0.0010637071530776058,0.0025561591376712304,0.00067710797808652,0.004997212285525419,0.00016818686835693095,0.0023705152987228435,0.0030508954017128076
lfr,edge_weakening_random_subset,random_fixed_10pct,random_fixed_10pct_vary_alpha,deterioration_severity,weighted_directed_community_assortativity,auc_abs_delta,mu_0p300,0.3,0.3,40,0.0025560938942967948,0.001121716267651121,0.002358726773908049,0.0007432092368922599,0.00599434930115004,0.0001773589147120297,0.0021973516279211983,0.0029148361606723913
lfr,edge_weakening_random_subset,weighted_edge_betweenness_fixed_10pct,random_fixed_10pct_vary_alpha,deterioration_severity,weighted_directed_community_assortativity,auc_abs_delta,mu_0p075,0.075,0.075,40,0.027767283445946304,0.0023396289464133547,0.027825959367625802,0.0224458837286904,0.0321915261170211,0.0003699278175163117,0.027019033808387046,0.028515533083505563
lfr,edge_weakening_random_subset,weighted_edge_betweenness_fixed_10pct,random_fixed_10pct_vary_alpha,deterioration_severity,weighted_directed_community_assortativity,auc_abs_delta,mu_0p100,0.1,0.1,40,0.036470326314294296,0.0034553153304717806,0.0367091412096046,0.0244024836089268,0.0425115758283066,0.0005463333239194116,0.035365262860689,0.03757538976789959
lfr,edge_weakening_random_subset,weighted_edge_betweenness_fixed_10pct,random_fixed_10pct_vary_alpha,deterioration_severity,weighted_directed_community_assortativity,auc_abs_delta,mu_0p125,0.125,0.125,40,0.04291018235626777,0.003401473841045056,0.043430178332797095,0.0354948847073259,0.0493042472197386,0.0005378202369591955,0.041822338246358386,0.043998026466177155
lfr,edge_weakening_random_subset,weighted_edge_betweenness_fixed_10pct,random_fixed_10pct_vary_alpha,deterioration_severity,weighted_directed_community_assortativity,auc_abs_delta,mu_0p150,0.15,0.15,40,0.04807828065681345,0.003736859417464986,0.04835970018287065,0.0389401127560293,0.0571904380147274,0.0005908493527519675,0.04688317503589245,0.049273386277734456
lfr,edge_weakening_random_subset,weighted_edge_betweenness_fixed_10pct,random_fixed_10pct_vary_alpha,deterioration_severity,weighted_directed_community_assortativity,auc_abs_delta,mu_0p175,0.175,0.175,40,0.04991929936355634,0.004142778792509616,0.050069452347472204,0.0337191184783425,0.0556381450300892,0.0006550308413286245,0.04859437442845689,0.051244224298655786
lfr,edge_weakening_random_subset,weighted_edge_betweenness_fixed_10pct,random_fixed_10pct_vary_alpha,deterioration_severity,weighted_directed_community_assortativity,auc_abs_delta,mu_0p225,0.225,0.225,40,0.04951442870660607,0.0044684948492125275,0.04894156807221195,0.0420460646022279,0.060432578304207,0.0007065310718121123,0.04808533472292787,0.05094352269028427
lfr,edge_weakening_random_subset,weighted_edge_betweenness_fixed_10pct,random_fixed_10pct_vary_alpha,deterioration_severity,weighted_directed_community_assortativity,auc_abs_delta,mu_0p300,0.3,0.3,40,0.03673092710854613,0.0038382983980749202,0.0365775030141923,0.0285930913042816,0.0462681943656626,0.0006068882638646198,0.035503379727750285,0.03795847448934197
lfr,node_removal,out_strength,out_strength,node,weighted_directed_community_assortativity,auc_abs_delta,mu_0p075,0.075,0.075,40,0.02617955988640459,0.009613641293804131,0.02494036947628285,0.0099293721538532,0.0477509146097141,0.0015200501548134518,0.02310496824026295,0.029254151532546232
lfr,node_removal,out_strength,out_strength,node,weighted_directed_community_assortativity,auc_abs_delta,mu_0p100,0.1,0.1,40,0.03516452849322271,0.014405513159311335,0.0308337323576134,0.0114004227327837,0.076457754855926,0.0022777116223475923,0.03055742187623804,0.039771635110207385
lfr,node_removal,out_strength,out_strength,node,weighted_directed_community_assortativity,auc_abs_delta,mu_0p125,0.125,0.125,40,0.04038275340054644,0.016518974774506038,0.0362269842410351,0.0110609572613511,0.0984098316347833,0.0026118792449152718,0.035099728967623846,0.04566577783346903
lfr,node_removal,out_strength,out_strength,node,weighted_directed_community_assortativity,auc_abs_delta,mu_0p150,0.15,0.15,40,0.035103365799954475,0.013064060510207854,0.0338513066572282,0.0087116022777929,0.0804582707192941,0.002065609335125911,0.030925276553452126,0.039281455046456824
lfr,node_removal,out_strength,out_strength,node,weighted_directed_community_assortativity,auc_abs_delta,mu_0p175,0.175,0.175,40,0.034387729557402234,0.02073654388805487,0.03218999789246725,0.0063856800666488,0.1204798873321736,0.0032787354743148527,0.02775586108430316,0.04101959803050131
lfr,node_removal,out_strength,out_strength,node,weighted_directed_community_assortativity,auc_abs_delta,mu_0p225,0.225,0.225,40,0.02576356054478754,0.015562241317092872,0.024280486684457,0.0049746023334088,0.0819583505564621,0.002460606402959606,0.02078651431573683,0.030740606773838247
lfr,node_removal,out_strength,out_strength,node,weighted_directed_community_assortativity,auc_abs_delta,mu_0p300,0.3,0.3,40,0.02692218033710636,0.026957975835915367,0.01934797210533545,0.0058114701592429,0.152932865432168,0.004262430237463708,0.018300601398498387,0.035543759275714334
lfr,node_removal,random,random,node,weighted_directed_community_assortativity,auc_abs_delta,mu_0p075,0.075,0.075,40,0.008970485805338262,0.001983671260713874,0.00871043104493552,0.0054282677288809,0.014624426791421641,0.0003136459656436764,0.008336076958524636,0.009604894652151887
lfr,node_removal,random,random,node,weighted_directed_community_assortativity,auc_abs_delta,mu_0p100,0.1,0.1,40,0.010224954160759194,0.0022010443937597888,0.01010505461765601,0.006451248642937659,0.01544827743618602,0.00034801567577127164,0.009521026013346185,0.010928882308172202
lfr,node_removal,random,random,node,weighted_directed_community_assortativity,auc_abs_delta,mu_0p125,0.125,0.125,40,0.011164616232274296,0.0027240113622470914,0.01086842058332234,0.00763540173156204,0.021387640292539638,0.00043070401384394055,0.01029343513424877,0.012035797330299821
lfr,node_removal,random,random,node,weighted_directed_community_assortativity,auc_abs_delta,mu_0p150,0.15,0.15,40,0.01150758807345234,0.0025920276889284627,0.01108477527901816,0.007613549825309519,0.0178423624633713,0.0004098355627618175,0.010678617401945856,0.012336558744958825
lfr,node_removal,random,random,node,weighted_directed_community_assortativity,auc_abs_delta,mu_0p175,0.175,0.175,40,0.012373923130167542,0.0030237300171797243,0.01198772522458422,0.00654882466689644,0.01927822796600798,0.00047809369418539956,0.011406887356011903,0.01334095890432318
lfr,node_removal,random,random,node,weighted_directed_community_assortativity,auc_abs_delta,mu_0p225,0.225,0.225,40,0.012184260658837726,0.002570000751203926,0.01238574329272607,0.00723047036713116,0.019607718616291757,0.0004063527981074064,0.011362334543774345,0.013006186773901108
lfr,node_removal,random,random,node,weighted_directed_community_assortativity,auc_abs_delta,mu_0p300,0.3,0.3,40,0.012950169166056943,0.0038358606342839413,0.01257892078383602,0.007921780515809839,0.02194675432643178,0.0006065028195657708,0.011723401419944565,0.014176936912169322
lfr,node_removal,weighted_slack,weighted_slack,node,weighted_directed_community_assortativity,auc_abs_delta,mu_0p075,0.075,0.075,40,0.029302605325256324,0.011049100675790803,0.03038878776794845,0.0071656646458471,0.0516464451260362,0.0017470162116002298,0.02576893149689552,0.03283627915361713
lfr,node_removal,weighted_slack,weighted_slack,node,weighted_directed_community_assortativity,auc_abs_delta,mu_0p100,0.1,0.1,40,0.03593461486438691,0.017565796291436262,0.0327807276641829,0.0068351205412502,0.0845977479024743,0.0027773962597738727,0.03031680066839824,0.04155242906037558
lfr,node_removal,weighted_slack,weighted_slack,node,weighted_directed_community_assortativity,auc_abs_delta,mu_0p125,0.125,0.125,40,0.03888970346492194,0.0204511218310572,0.033764757715450455,0.0132436756799318,0.1049661474355,0.0032336062845867014,0.03234911739411461,0.045430289535729265
lfr,node_removal,weighted_slack,weighted_slack,node,weighted_directed_community_assortativity,auc_abs_delta,mu_0p150,0.15,0.15,40,0.03682311604753565,0.01875179050099262,0.03447147459820845,0.0094164907456549,0.0921086096183219,0.002964918409472329,0.03082600250204614,0.042820229593025165
lfr,node_removal,weighted_slack,weighted_slack,node,weighted_directed_community_assortativity,auc_abs_delta,mu_0p175,0.175,0.175,40,0.03536032971807706,0.02116526336347064,0.033564827149136806,0.0043000783833908,0.1168171371373753,0.0033465219752941726,0.028591350104946053,0.042129309331208065
lfr,node_removal,weighted_slack,weighted_slack,node,weighted_directed_community_assortativity,auc_abs_delta,mu_0p225,0.225,0.225,40,0.02813707377848277,0.017667345200077074,0.023552448809965,0.0067994327237959,0.0944167525262885,0.0027934525520343385,0.0224867826659294,0.03378736489103614
lfr,node_removal,weighted_slack,weighted_slack,node,weighted_directed_community_assortativity,auc_abs_delta,mu_0p300,0.3,0.3,40,0.02658995399799504,0.02550398115064251,0.01832772877095205,0.0051364735674235,0.1326201644132284,0.004032533491901612,0.01843338511918152,0.03474652287680856
null,edge_weakening_random_subset,random_fixed_10pct,random_fixed_10pct_vary_alpha,deterioration_severity,weighted_directed_community_assortativity,auc_abs_delta,mu_0p075,0.075,0.075,40,0.002437512570092787,0.00072623738261366,0.0023397289882067596,0.0011892863377392102,0.00468766339627138,0.00011482821255091662,0.002205250587201997,0.002669774552983577
null,edge_weakening_random_subset,random_fixed_10pct,random_fixed_10pct_vary_alpha,deterioration_severity,weighted_directed_community_assortativity,auc_abs_delta,mu_0p100,0.1,0.1,40,0.0022600783727467198,0.0008467640667019396,0.0020507580797536,0.00042290017505109,0.0041657626929912,0.00013388515457824355,0.0019892700862535885,0.002530886659239851
null,edge_weakening_random_subset,random_fixed_10pct,random_fixed_10pct_vary_alpha,deterioration_severity,weighted_directed_community_assortativity,auc_abs_delta,mu_0p125,0.125,0.125,40,0.002532562528299378,0.0009231916757197277,0.002417407665053,0.00085608706970956,0.00470359486451768,0.0001459694206090953,0.0022373115066303345,0.0028278135499684217
null,edge_weakening_random_subset,random_fixed_10pct,random_fixed_10pct_vary_alpha,deterioration_severity,weighted_directed_community_assortativity,auc_abs_delta,mu_0p150,0.15,0.15,40,0.0024388121903782603,0.0008892916878005809,0.0023514043722933703,0.00070744392208218,0.00462752410440632,0.00014060936188526048,0.002154402910820781,0.0027232214699357397
null,edge_weakening_random_subset,random_fixed_10pct,random_fixed_10pct_vary_alpha,deterioration_severity,weighted_directed_community_assortativity,auc_abs_delta,mu_0p175,0.175,0.175,40,0.0025319415818453954,0.0010825151879892817,0.00218270799744178,0.00106571781434922,0.00576802645805146,0.00017116067978857394,0.0021857364289697276,0.0028781467347210633
null,edge_weakening_random_subset,random_fixed_10pct,random_fixed_10pct_vary_alpha,deterioration_severity,weighted_directed_community_assortativity,auc_abs_delta,mu_0p225,0.225,0.225,40,0.002393441474659905,0.0008547597562343852,0.0023353531393354703,0.0008147771134683809,0.00435308906785406,0.0001351493840975483,0.0021200760425972337,0.0026668069067225767
null,edge_weakening_random_subset,random_fixed_10pct,random_fixed_10pct_vary_alpha,deterioration_severity,weighted_directed_community_assortativity,auc_abs_delta,mu_0p300,0.3,0.3,40,0.0025272620026815383,0.000852406272261186,0.00252834365166363,0.0010098425057685,0.00474383476171108,0.00013477726560794768,0.00225464925130896,0.002799874754054117
null,edge_weakening_random_subset,weighted_edge_betweenness_fixed_10pct,random_fixed_10pct_vary_alpha,deterioration_severity,weighted_directed_community_assortativity,auc_abs_delta,mu_0p075,0.075,0.075,40,0.0021106400159147665,0.0020515823499635375,0.0015448543984321501,4.445146918752009e-05,0.0105523503273921,0.000324383651664272,0.0014545121490850761,0.002766767882744457
null,edge_weakening_random_subset,weighted_edge_betweenness_fixed_10pct,random_fixed_10pct_vary_alpha,deterioration_severity,weighted_directed_community_assortativity,auc_abs_delta,mu_0p100,0.1,0.1,40,0.0028485488172409076,0.0022803324068745457,0.0023303892287183997,0.0001876031668373,0.0090951670829181,0.0003605522114008683,0.0021192631330411967,0.0035778345014406184
null,edge_weakening_random_subset,weighted_edge_betweenness_fixed_10pct,random_fixed_10pct_vary_alpha,deterioration_severity,weighted_directed_community_assortativity,auc_abs_delta,mu_0p125,0.125,0.125,40,0.0029742728766201875,0.002195024149279474,0.00269351077549525,8.269225420989845e-05,0.0084075235176802,0.0003470637915398291,0.0022722700967990443,0.0036762756564413307
null,edge_weakening_random_subset,weighted_edge_betweenness_fixed_10pct,random_fixed_10pct_vary_alpha,deterioration_severity,weighted_directed_community_assortativity,auc_abs_delta,mu_0p150,0.15,0.15,40,0.0035077916716236474,0.0025408134005225525,0.0027317965663351497,0.000429686399281,0.0100702197031102,0.000401737872756446,0.002695200124164301,0.0043203832190829945
null,edge_weakening_random_subset,weighted_edge_betweenness_fixed_10pct,random_fixed_10pct_vary_alpha,deterioration_severity,weighted_directed_community_assortativity,auc_abs_delta,mu_0p175,0.175,0.175,40,0.003788821533991421,0.0024550609327446187,0.0036890850795101,5.748318713983512e-05,0.0106325261109503,0.0003881792170985226,0.003003654956219261,0.004573988111763581
null,edge_weakening_random_subset,weighted_edge_betweenness_fixed_10pct,random_fixed_10pct_vary_alpha,deterioration_severity,weighted_directed_community_assortativity,auc_abs_delta,mu_0p225,0.225,0.225,40,0.0026186214887879574,0.002138851890343838,0.0017632783940353,0.0001666565834376,0.0103821434772104,0.00033818217756216134,0.001934583468914714,0.0033026595086612007
null,edge_weakening_random_subset,weighted_edge_betweenness_fixed_10pct,random_fixed_10pct_vary_alpha,deterioration_severity,weighted_directed_community_assortativity,auc_abs_delta,mu_0p300,0.3,0.3,40,0.003186155370571802,0.0024339663071061136,0.00254060232310165,9.429577621078028e-05,0.0111842528550542,0.00038484386392820957,0.0024077351813723497,0.003964575559771254
null,node_removal,out_strength,out_strength,node,weighted_directed_community_assortativity,auc_abs_delta,mu_0p075,0.075,0.075,40,0.01561180957091897,0.007157954463025833,0.01398106713367685,0.0067476041287463,0.0432779943395989,0.001131771974546457,0.013322584674451774,0.017901034467386164
null,node_removal,out_strength,out_strength,node,weighted_directed_community_assortativity,auc_abs_delta,mu_0p100,0.1,0.1,40,0.015480037743440797,0.008933009317479257,0.0126583299047535,0.0047395468381824,0.0428861289268527,0.0014124327901370317,0.012623122763668436,0.01833695272321316
null,node_removal,out_strength,out_strength,node,weighted_directed_community_assortativity,auc_abs_delta,mu_0p125,0.125,0.125,40,0.01716979653413969,0.005677957192800107,0.01603049083668625,0.0061944113322113,0.0277004188864027,0.000897763859309207,0.015353897727577795,0.018985695340701582
null,node_removal,out_strength,out_strength,node,weighted_directed_community_assortativity,auc_abs_delta,mu_0p150,0.15,0.15,40,0.015324011037137247,0.007657210497547605,0.01294376283160115,0.0067295579898454,0.0366508877968518,0.0012107112847800795,0.012875116314626539,0.017772905759647954
null,node_removal,out_strength,out_strength,node,weighted_directed_community_assortativity,auc_abs_delta,mu_0p175,0.175,0.175,40,0.01607958941856626,0.007966118291982396,0.0138506032222505,0.0058602577230481,0.0368529793020915,0.0012595538956497309,0.01353190119053862,0.0186272776465939
null,node_removal,out_strength,out_strength,node,weighted_directed_community_assortativity,auc_abs_delta,mu_0p225,0.225,0.225,40,0.015071139986325829,0.007715057161852907,0.01336458982683285,0.0036203442908785,0.0422736243295837,0.0012198576454924754,0.012603745003050778,0.01753853496960088
null,node_removal,out_strength,out_strength,node,weighted_directed_community_assortativity,auc_abs_delta,mu_0p300,0.3,0.3,40,0.014578559599077298,0.008339546193230993,0.013087462339988452,0.0048394561495215,0.0464956371550964,0.001318598031139831,0.011911443334312412,0.017245675863842184
null,node_removal,random,random,node,weighted_directed_community_assortativity,auc_abs_delta,mu_0p075,0.075,0.075,40,0.015164154948990255,0.002494364780131615,0.01496312859940468,0.010727821133806539,0.02084217466040164,0.00039439370102605084,0.01436641839100517,0.015961891506975343
null,node_removal,random,random,node,weighted_directed_community_assortativity,auc_abs_delta,mu_0p100,0.1,0.1,40,0.015630244441377346,0.0036891325272099826,0.015155940561982618,0.009866734599598541,0.026438834345587903,0.0005833030688098321,0.01445040262046612,0.01681008626228857
null,node_removal,random,random,node,weighted_directed_community_assortativity,auc_abs_delta,mu_0p125,0.125,0.125,40,0.015928180642872842,0.0034886201941545635,0.01573994515068416,0.00778810341194688,0.0241183178841487,0.0005515992852393625,0.014812465777120417,0.017043895508625267
null,node_removal,random,random,node,weighted_directed_community_assortativity,auc_abs_delta,mu_0p150,0.15,0.15,40,0.015891240420084923,0.0034451762308539604,0.015455318190291731,0.01087753509168946,0.02434799970963634,0.0005447301915086288,0.014789419607850534,0.016993061232319313
null,node_removal,random,random,node,weighted_directed_community_assortativity,auc_abs_delta,mu_0p175,0.175,0.175,40,0.01694648867600763,0.003916526755798625,0.016498915831271,0.00939666405805904,0.026679159406155818,0.0006192572532656864,0.015693922652660224,0.01819905469935504
null,node_removal,random,random,node,weighted_directed_community_assortativity,auc_abs_delta,mu_0p225,0.225,0.225,40,0.015935915276716582,0.0037681861739575035,0.01597453522725837,0.0093252296714393,0.027707674730689004,0.0005958025478630585,0.014730790873019206,0.017141039680413958
null,node_removal,random,random,node,weighted_directed_community_assortativity,auc_abs_delta,mu_0p300,0.3,0.3,40,0.015409952034000187,0.0029317774140022786,0.01527404638608198,0.009571443023149221,0.021150668522739422,0.00046355471104428137,0.014472324129030656,0.01634757993896972
null,node_removal,weighted_slack,weighted_slack,node,weighted_directed_community_assortativity,auc_abs_delta,mu_0p075,0.075,0.075,40,0.02020013027278245,0.010174627318430038,0.0173009216121341,0.0069597184237082,0.0439810623685841,0.0016087498334805106,0.01694612659199077,0.023454133953574128
null,node_removal,weighted_slack,weighted_slack,node,weighted_directed_community_assortativity,auc_abs_delta,mu_0p100,0.1,0.1,40,0.020611367294269777,0.008530823958891867,0.018372318731032948,0.0081528082118501,0.0402649607014894,0.0013488417014016461,0.01788307743227773,0.023339657156261823
null,node_removal,weighted_slack,weighted_slack,node,weighted_directed_community_assortativity,auc_abs_delta,mu_0p125,0.125,0.125,40,0.01770461286142534,0.00810053210177505,0.0163330526871402,0.0063522631473993,0.0425183394390349,0.0012808065850460025,0.015113937011529499,0.020295288711321177
null,node_removal,weighted_slack,weighted_slack,node,weighted_directed_community_assortativity,auc_abs_delta,mu_0p150,0.15,0.15,40,0.02034031698968035,0.009319967889302014,0.0170357625014012,0.0090051860933473,0.0452279398988546,0.00147361631249132,0.017359646654786103,0.023320987324574594
null,node_removal,weighted_slack,weighted_slack,node,weighted_directed_community_assortativity,auc_abs_delta,mu_0p175,0.175,0.175,40,0.018198161458730544,0.008323413307465199,0.0165153378612187,0.0057367650459868,0.0485274513538264,0.00131604719792727,0.015536204741143233,0.020860118176317853
null,node_removal,weighted_slack,weighted_slack,node,weighted_directed_community_assortativity,auc_abs_delta,mu_0p225,0.225,0.225,40,0.014534545547390124,0.0060799620103888525,0.01343188393833295,0.0055331776562832,0.0383504734174844,0.0009613264020062548,0.012590079362860464,0.016479011731919783
null,node_removal,weighted_slack,weighted_slack,node,weighted_directed_community_assortativity,auc_abs_delta,mu_0p300,0.3,0.3,40,0.01742834364634043,0.008589192221833188,0.01638362400251195,0.0064525589198056,0.0451516814284229,0.0013580705340997547,0.014681386708247384,0.020175300584433477
