run_id,replicate_id,modularity_regime,mu_t_input,mu_w_input,pair_number,run_start,run_end,generation_seconds,generation_minutes,node_attacks_seconds,node_attacks_minutes,ranked_edge_attacks_seconds,ranked_edge_attacks_minutes,random_subset_seconds,random_subset_minutes,run_seconds,run_minutes,total_elapsed_minutes,total_elapsed_hours,average_minutes_per_pair,estimated_remaining_minutes,estimated_remaining_hours
0,0,mu_0p075,0.075,0.075,1,2026-08-14 05:50:36,2026-08-14 06:04:05,0.3653549429999998,0.0060892490499999,514.204270614,8.5700711769,251.7234500720001,4.195390834533336,42.95767730099988,0.715961288349998,809.269201803,13.48782003005,13.48855939363333,0.2248093232272222,13.48855939363333,3763.3080708237,62.72180118039499
1,1,mu_0p075,0.075,0.075,2,2026-08-14 06:04:09,2026-08-14 06:19:02,0.3968142229998648,0.006613570383331,593.829714943,9.897161915716667,258.41096691000007,4.306849448500001,40.25205599499986,0.6708675999166644,892.9084453959999,14.881807423266666,28.432966925149994,0.4738827820858333,14.216483462574995,3952.1824025958495,65.86970670993082
2,2,mu_0p075,0.075,0.075,3,2026-08-14 06:19:06,2026-08-14 06:29:45,0.5206890819999899,0.0086781513666664,431.3348192459998,7.188913654099997,177.0009376769999,2.9500156279499987,29.939282763999927,0.4989880460666654,638.8252117390002,10.647086862316671,39.149095756516665,0.6524849292752778,13.049698585505556,3614.766508185038,60.24610846975064
3,3,mu_0p075,0.075,0.075,4,2026-08-14 06:29:48,2026-08-14 06:45:04,0.5253862300000947,0.0087564371666682,614.621665056,10.2436944176,256.6510354950001,4.277517258250001,43.77264384,0.729544064,915.602048115,15.26003413525,54.47312487316666,0.9078854145527776,13.618281218291663,3758.6456162485,62.64409360414167
4,4,mu_0p075,0.075,0.075,5,2026-08-14 06:45:08,2026-08-14 06:55:39,0.3580609279997588,0.0059676821333293,419.9634749549996,6.999391249249993,179.35083346400006,2.9891805577333344,31.58636341500005,0.5264393902500009,631.2766320719998,10.521277201199997,65.05709279621666,1.0842848799369444,13.011418559243335,3578.140103791917,59.63566839653195
5,5,mu_0p075,0.075,0.075,6,2026-08-14 06:55:44,2026-08-14 07:06:27,0.5877283079998961,0.0097954717999982,433.0897358889997,7.218162264816661,180.18227879200003,3.0030379798666678,29.074631961000705,0.4845771993500117,642.9716516260005,10.716194193766675,75.85168767168334,1.2641947945280556,12.641947945280556,3463.8937370068725,57.73156228344787
6,6,mu_0p075,0.075,0.075,7,2026-08-14 07:06:32,2026-08-14 07:17:07,0.3389048799999727,0.0056484146666662,425.7536846170005,7.095894743616676,180.36472570800012,3.0060787618000027,29.418565717999627,0.4903094286333271,635.8944996769997,10.598241661283328,86.530994625,1.4421832437500002,12.361570660714287,3374.7087903750007,56.245146506250016
7,7,mu_0p075,0.075,0.075,8,2026-08-14 07:17:12,2026-08-14 07:31:52,0.529631141000209,0.0088271856833368,581.6641033080004,9.694401721800007,254.728066054,4.245467767566667,43.5762388739995,0.7262706478999916,880.5307985970003,14.675513309950004,101.27790500106669,1.687965083351111,12.659738125133334,3443.4487700362665,57.39081283393777
8,8,mu_0p075,0.075,0.075,9,2026-08-14 07:31:56,2026-08-14 07:47:22,0.388857981000001,0.00648096635,628.9456728409996,10.482427880683328,255.64627351200036,4.260771225200005,41.265388726999845,0.6877564787833308,926.2646271109998,15.43774378518333,116.77877690155,1.9463129483591668,12.97541965572778,3516.338726702228,58.60564544503713
9,9,mu_0p075,0.075,0.075,10,2026-08-14 07:47:26,2026-08-14 07:58:20,0.6059786960004203,0.0100996449333403,437.8247736539997,7.297079560899996,182.88154101799955,3.048025683633326,31.79479350200017,0.5299132250333363,653.1386537160006,10.88564422860001,127.73239784035,2.128873297339166,12.773239784035002,3448.7747416894504,57.47957902815751
10,10,mu_0p075,0.075,0.075,11,2026-08-14 07:58:23,2026-08-14 08:08:47,0.3581706439999834,0.005969510733333,419.83809711200047,6.997301618533341,174.29905030999907,2.904984171833318,29.22011961499993,0.4870019935833322,623.742876456,10.3957146076,138.18964468856666,2.3031607448094444,12.562694971687876,3379.364947384039,56.32274912306732
11,11,mu_0p075,0.075,0.075,12,2026-08-14 08:08:51,2026-08-14 08:23:52,0.3975386500005697,0.0066256441666761,600.1288429100005,10.00214738183334,256.4024162700007,4.273373604500011,43.98899742699905,0.7331499571166508,900.9357382260004,15.015595637100008,153.26620283893334,2.5544367139822226,12.772183569911112,3422.945196736178,57.04908661226963
12,12,mu_0p075,0.075,0.075,13,2026-08-14 08:23:55,2026-08-14 08:34:52,0.3683718020001834,0.0061395300333363,446.1429270970002,7.43571545161667,179.86720312499892,2.9977867187499823,30.758803076998447,0.5126467179499741,657.1555430780008,10.952592384633348,164.28066587718334,2.738011097953056,12.636974298244873,3374.0721376313813,56.234535627189686
13,13,mu_0p075,0.075,0.075,14,2026-08-14 08:34:56,2026-08-14 08:50:21,0.3890364080016297,0.0064839401333604,627.3961637779994,10.456602729633325,253.12895453800047,4.218815908966675,43.63878186299917,0.7273130310499861,924.5711276340008,15.409518793900013,179.75287224263332,2.9958812040438887,12.839490874473809,3415.304572610033,56.92174287683389
14,14,mu_0p075,0.075,0.075,15,2026-08-14 08:50:25,2026-08-14 09:05:43,0.438670784000351,0.0073111797333391,620.0744690859992,10.334574484766652,254.95996351699975,4.249332725283329,42.7401244879984,0.7123354081333066,918.2337667310004,15.303896112183338,195.11994547551663,3.251999091258611,13.007996365034444,3447.119036734128,57.45198394556879
15,15,mu_0p075,0.075,0.075,16,2026-08-14 09:05:47,2026-08-14 09:19:46,0.3593130199988081,0.0059885503333134,539.971204432999,8.999520073883316,255.98359334700035,4.266393222450006,42.91272662200026,0.7152121103666711,839.2452847580007,13.987421412633346,209.17737638008333,3.486289606334722,13.073586023755208,3451.426710271375,57.52377850452292
16,16,mu_0p075,0.075,0.075,17,2026-08-14 09:19:51,2026-08-14 09:35:19,0.453437729000143,0.0075572954833357,632.0652107669994,10.53442017944999,250.9926827449999,4.183211379083332,44.06259764900096,0.7343766274833494,927.5921708360002,15.459869513933336,224.71531090106663,3.7452551816844446,13.218547700062745,3476.4780451165016,57.9413007519417
17,17,mu_0p075,0.075,0.075,18,2026-08-14 09:35:22,2026-08-14 09:46:05,0.4140078349992109,0.0069001305833201,434.4831288429996,7.2413854807166596,177.09705278900037,2.95161754648334,31.016268860999844,0.5169378143499974,643.0345314740007,10.717242191233344,235.49510613345,3.9249184355575,13.083061451858333,3427.7621003868835,57.129368339781394
18,18,mu_0p075,0.075,0.075,19,2026-08-14 09:46:09,2026-08-14 09:56:59,0.5648692880004091,0.0094144881333401,436.88851226100087,7.281475204350015,181.25344296500043,3.0208907160833407,30.79083499800072,0.5131805833000119,649.5309666789999,10.825516111316665,246.38988033063333,4.106498005510556,12.967888438454386,3384.6188824365945,56.41031470727658
19,19,mu_0p075,0.075,0.075,20,2026-08-14 09:57:03,2026-08-14 10:07:57,0.416183731998899,0.0069363955333149,438.4046200419998,7.306743667366663,184.34458405400076,3.0724097342333456,31.01607775000048,0.5169346291666747,654.2008485669994,10.903347476116656,257.3561645851167,4.289269409751944,12.867808229255834,3345.630139606517,55.76050232677528
20,20,mu_0p075,0.075,0.075,21,2026-08-14 10:08:01,2026-08-14 10:18:32,0.357021657999212,0.0059503609666535,426.7209627850007,7.112016046416678,174.04923836499984,2.900820639416664,29.595103879000817,0.4932517313166802,630.7424626409993,10.512374377349987,267.93195587143333,4.465532597857222,12.75866456530635,3304.494122414345,55.07490204023908
21,21,mu_0p075,0.075,0.075,22,2026-08-14 10:18:35,2026-08-14 10:34:14,0.5524676519999048,0.0092077941999984,637.6957470839989,10.628262451399982,258.44765456099776,4.307460909349962,42.23703697900055,0.7039506163166759,938.9657855440018,15.649429759066695,283.6442461648833,4.727404102748055,12.89292028022197,3326.373432297268,55.43955720495447
22,22,mu_0p075,0.075,0.075,23,2026-08-14 10:34:18,2026-08-14 10:45:00,0.5375374010000087,0.0089589566833334,433.27039152900034,7.221173192150005,177.75733836799918,2.96262230613332,30.59472464300052,0.509912077383342,642.190184877003,10.703169747950051,294.4128090199833,4.906880150333056,12.80055691391232,3289.743126875466,54.82905211459109
23,23,mu_0p075,0.075,0.075,24,2026-08-14 10:45:05,2026-08-14 10:59:26,0.5497925899981055,0.0091632098333017,560.4388480200032,9.340647467000052,256.9813597950015,4.283022663250025,43.69858298300096,0.7283097163833493,861.7050324640004,14.361750541066671,308.8456759134,5.14742793189,12.868569829725,3294.3538764096,54.90589794016
24,24,mu_0p075,0.075,0.075,25,2026-08-14 10:59:30,2026-08-14 11:10:18,0.3831410140010121,0.0063856835666835,441.1647629700019,7.352746049500031,177.355797805998,2.9559299634333,28.529966707999847,0.4754994451333308,647.4517729190011,10.790862881983353,319.70026877128333,5.3283378128547225,12.788010750851337,3260.942741467091,54.34904569111818
25,25,mu_0p075,0.075,0.075,26,2026-08-14 11:10:22,2026-08-14 11:21:08,0.5358587059999991,0.0089309784333333,434.0282387719999,7.233803979533332,182.0463624300028,3.0341060405000464,29.973055088001274,0.4995509181333545,646.6150520529991,10.776917534216652,330.54532400983334,5.509088733497222,12.713281692685898,3229.173549942218,53.81955916570363
26,26,mu_0p075,0.075,0.075,27,2026-08-14 11:21:12,2026-08-14 11:31:42,0.357444551998924,0.005957409199982,423.5037865659978,7.058396442766632,176.54431951099832,2.9424053251833056,29.695318399997632,0.4949219733332938,630.1191374490008,10.501985624150016,341.1120868637166,5.685201447728611,12.633780994952469,3196.3465917229746,53.272443195382905
27,27,mu_0p075,0.075,0.075,28,2026-08-14 11:31:46,2026-08-14 11:47:16,0.466556807001325,0.0077759467833554,629.9488255079996,10.499147091799992,255.85975467000023,4.264329244500004,43.33727017699857,0.7222878362833095,929.6479218549975,15.494132030916626,356.6679499696833,5.944465832828056,12.738141070345836,3210.01154972715,53.5001924954525
28,28,mu_0p075,0.075,0.075,29,2026-08-14 11:47:20,2026-08-14 11:57:28,0.3785053030005656,0.006308421716676,407.4155724970005,6.790259541616676,171.884994070002,2.8647499011667,28.330270506998204,0.4721711751166367,608.0278588610017,10.133797647683362,366.8742362802333,6.114570604670556,12.65083573380115,3175.3597691840887,52.92266281973481
29,29,mu_0p075,0.075,0.075,30,2026-08-14 11:57:33,2026-08-14 12:12:42,0.3898140620003687,0.0064969010333394,611.997731165,10.199962186083331,253.51019061899933,4.225169843649989,43.27495901400107,0.7212493169000178,909.1916111809988,15.153193519683311,382.1018435343,6.368364058905001,12.73672811781,3184.1820294525005,53.06970049087501
30,30,mu_0p075,0.075,0.075,31,2026-08-14 12:12:46,2026-08-14 12:23:37,0.3796945110007073,0.0063282418500117,438.29174156599765,7.304862359433295,182.422326336,3.0403721055999995,30.556125467999664,0.5092687577999944,651.6691096979994,10.86115182829999,393.0261625677,6.550436042795,12.678263308635485,3156.8875638502354,52.61479273083726
31,31,mu_0p075,0.075,0.075,32,2026-08-14 12:23:41,2026-08-14 12:34:24,0.3613630759973603,0.0060227179332893,434.0989282299997,7.2349821371666625,178.31930752799963,2.9719884587999936,29.89522240099905,0.4982537066833174,642.6930108730012,10.711550181216689,403.79986730175,6.7299977883625,12.618745853179687,3129.4489715885625,52.15748285980937
32,32,mu_0p075,0.075,0.075,33,2026-08-14 12:34:27,2026-08-14 12:45:07,0.3344397939981718,0.0055739965666361,433.05068128199855,7.217511354699976,177.1265581810003,2.9521093030166714,29.433699590998003,0.4905616598499667,639.9641519569996,10.666069199283326,414.5278157480167,6.908796929133611,12.561448962061112,3102.6778936290943,51.71129822715157
33,33,mu_0p075,0.075,0.075,34,2026-08-14 12:45:11,2026-08-14 12:56:03,0.3732949039986124,0.0062215817333102,436.94174670300345,7.282362445050057,184.173548341998,3.0695591390332995,30.09142301099928,0.501523716849988,651.5990237389997,10.859983728983329,425.4493176158167,7.090821960263611,12.513215223994608,3078.250945102673,51.30418241837789
34,34,mu_0p075,0.075,0.075,35,2026-08-14 12:56:07,2026-08-14 13:06:42,0.3559917040001892,0.0059331950666698,428.327288157001,7.138788135950017,176.8714550379991,2.947857583966652,29.2368464550018,0.4872807742500299,634.810345095997,10.580172418266615,436.1028350079333,7.2683805834655555,12.460081000226667,3052.719845055534,50.878664084258894
35,35,mu_0p075,0.075,0.075,36,2026-08-14 13:06:46,2026-08-14 13:21:46,0.5372238380005001,0.0089537306333416,604.9394210130013,10.08232368355002,250.0162316329988,4.166937193883314,44.0563088050003,0.7342718134166717,899.5821997079984,14.993036661799971,451.1664352986834,7.519440588311389,12.532400980518982,3057.905839246632,50.9650973207772
36,36,mu_0p075,0.075,0.075,37,2026-08-14 13:21:49,2026-08-14 13:32:35,0.3710181440001179,0.0061836357333352,440.1775314080005,7.336292190133341,174.12078139799996,2.9020130232999994,30.87309722200007,0.5145516203666678,645.5606661310012,10.759344435516686,461.99096907306665,7.699849484551111,12.48624240738018,3034.156904993384,50.56928174988973
37,37,mu_0p075,0.075,0.075,38,2026-08-14 13:32:39,2026-08-14 13:43:29,0.5346043450008438,0.0089100724166807,433.0080072609999,7.216800121016664,185.09504185100013,3.0849173641833354,31.756237502999284,0.529270625049988,650.4279498590004,10.84046583098334,472.8972676760333,7.881621127933889,12.444664938842982,3011.6089152000013,50.193481920000025
38,38,mu_0p075,0.075,0.075,39,2026-08-14 13:43:33,2026-08-14 13:54:23,0.4739725510007702,0.0078995425166795,442.010922073001,7.366848701216683,178.8443661170022,2.98073943528337,28.88541021000128,0.4814235035000214,650.2377552020007,10.837295920033345,483.79732891416666,8.063288815236112,12.405059715747862,2989.619391495235,49.82698985825392
39,39,mu_0p075,0.075,0.075,40,2026-08-14 13:54:29,2026-08-14 14:05:07,0.5569734199998493,0.0092828903333308,428.4520102310016,7.140866837183361,179.83674195999993,2.9972790326666656,29.826903042001504,0.4971150507000251,638.7036689880006,10.645061149800007,494.52727037915,8.242121172985833,12.36318175947875,2967.1636222749,49.452727037915
40,0,mu_0p100,0.1,0.1,41,2026-08-14 14:05:12,2026-08-14 14:15:54,0.5699232600018149,0.0094987210000302,436.6178183379998,7.276963638966663,174.6986012390007,2.911643353983345,30.3614157109987,0.5060235951833116,642.2826064280016,10.70471010713336,505.3066573973834,8.421777623289723,12.324552619448376,2945.568076048162,49.09280126746936
41,1,mu_0p100,0.1,0.1,42,2026-08-14 14:15:58,2026-08-14 14:31:22,0.5361284520004119,0.0089354742000068,624.4265652500035,10.407109420833391,256.34344535799755,4.272390755966626,42.07510437400197,0.7012517395666994,923.4140409249994,15.390234015416658,520.76558472615,8.6794264121025,12.399180588717858,2951.0049801148502,49.18341633524751
42,2,mu_0p100,0.1,0.1,43,2026-08-14 14:31:26,2026-08-14 14:46:32,0.5120624160008447,0.008534373600014,610.8764061230031,10.181273435383384,254.4593546280012,4.240989243800019,40.06969364200268,0.6678282273667112,905.950133702001,15.099168895033351,535.9359559069001,8.932265931781666,12.463626881555816,2953.879570928728,49.23132618214546
43,3,mu_0p100,0.1,0.1,44,2026-08-14 14:46:36,2026-08-14 14:57:12,0.5315761729980295,0.0088596028833004,427.4029060379981,7.123381767299967,177.6813198029995,2.9613553300499915,30.32410316500318,0.5054017194167196,635.9760482940037,10.599600804900062,546.6087083712832,9.110145139521387,12.42292519025644,2931.81034490052,48.86350574834199
44,4,mu_0p100,0.1,0.1,45,2026-08-14 14:57:16,2026-08-14 15:08:30,0.4576965829983237,0.0076282763833053,455.5838526000007,7.593064210000011,187.11410927199904,3.118568487866651,31.036172273001284,0.5172695378833547,674.2110394429983,11.236850657383306,557.9080230910166,9.298467051516944,12.39795606868926,2913.519676141976,48.55866126903293
45,5,mu_0p100,0.1,0.1,46,2026-08-14 15:08:34,2026-08-14 15:23:27,0.4169099460050347,0.0069484991000839,596.0884664900004,9.93480777483334,252.2208944410013,4.203681574016688,43.70775781299744,0.728462630216624,892.4544365039983,14.87424060839997,572.8497385951333,9.54749564325222,12.453255186850724,2914.0617137230697,48.567695228717824
46,6,mu_0p100,0.1,0.1,47,2026-08-14 15:23:31,2026-08-14 15:39:12,0.3605190980015322,0.0060086516333588,640.8316038090052,10.680526730150088,255.5897920729985,4.259829867883309,44.230446734,0.7371741122333333,941.0320618759944,15.683867697933238,588.5991365954833,9.809985609924722,12.52338588501028,2917.948911207396,48.6324818534566
47,7,mu_0p100,0.1,0.1,48,2026-08-14 15:39:15,2026-08-14 15:50:33,0.4464968719985336,0.0074416145333088,458.7838365619973,7.646397276033288,186.5735233430023,3.109558722383372,31.47172951000539,0.5245288251667565,677.2948425489958,11.288247375816598,599.9525770279666,9.999209617132776,12.499012021415972,2899.7707889685053,48.32951314947509
48,8,mu_0p100,0.1,0.1,49,2026-08-14 15:50:37,2026-08-14 16:01:31,0.4029898389999289,0.0067164973166654,443.51048043700575,7.391841340616763,180.0445110810033,3.000741851350055,30.32478542400349,0.5054130904000582,654.3028353170012,10.905047255283352,610.9247711816,10.182079519693334,12.467852473093878,2880.073921284686,48.00123202141143
49,9,mu_0p100,0.1,0.1,50,2026-08-14 16:01:35,2026-08-14 16:12:47,0.4045038269978249,0.0067417304499637,451.2592337570022,7.52098722928337,187.6832324460047,3.128053874100078,32.272835212002974,0.5378805868667162,671.6499521150035,11.194165868583392,622.1842957212999,10.369738262021666,12.443685914425998,2862.04776031798,47.70079600529966
50,10,mu_0p100,0.1,0.1,51,2026-08-14 16:12:51,2026-08-14 16:23:52,0.3822561990018585,0.0063709366500309,447.7601702059983,7.462669503433305,181.8433850739966,3.03072308456661,31.04633066499809,0.5174388444166349,661.0516627039979,11.017527711733296,633.2661881145999,10.554436468576666,12.416984080678429,2843.48935447536,47.391489241256
51,11,mu_0p100,0.1,0.1,52,2026-08-14 16:23:55,2026-08-14 16:39:17,0.4183186110021779,0.0069719768500362,619.3748410219996,10.322914017033328,257.16972522300057,4.28616208705001,44.77775323099922,0.7462958871833204,921.7595244019976,15.362658740033291,648.6940198833166,10.811566998055277,12.474884997756089,2844.2737794883883,47.40456299147314
52,12,mu_0p100,0.1,0.1,53,2026-08-14 16:39:21,2026-08-14 16:50:15,0.3975247039998066,0.0066254117333301,441.0535355730026,7.350892259550043,182.2847682050051,3.038079470083418,30.22728142199776,0.5037880236999627,653.9847632210003,10.89974605368334,659.6605300347,10.994342167245,12.44642509499434,2825.338496563715,47.08897494272858
53,13,mu_0p100,0.1,0.1,54,2026-08-14 16:50:20,2026-08-14 17:05:57,0.4079274219984654,0.006798790366641,638.8503862159996,10.647506436933329,256.7306920310002,4.278844867183337,41.51538171100401,0.6919230285167335,937.525217500006,15.625420291666764,675.36089659235,11.256014943205832,12.506683270228702,2826.5104190716866,47.108506984528105
54,14,mu_0p100,0.1,0.1,55,2026-08-14 17:06:02,2026-08-14 17:21:43,0.3789867750019766,0.0063164462500329,635.2956063759993,10.588260106266656,260.47140835900063,4.341190139316677,44.63216411300528,0.7438694018834212,940.7974511440044,15.679957519066738,691.1233355440667,11.518722259067776,12.56587882807394,2827.322736316637,47.12204560527728
55,15,mu_0p100,0.1,0.1,56,2026-08-14 17:21:47,2026-08-14 17:37:31,0.4293680939954356,0.0071561348999239,645.7027842639945,10.761713071066575,258.11041740400105,4.301840290066684,40.105026293000265,0.6684171048833377,944.3674383899996,15.739457306499997,706.9285037322666,11.78214172887111,12.623723280933332,2827.7140149290663,47.12856691548444
56,16,mu_0p100,0.1,0.1,57,2026-08-20 09:10:40,2026-08-20 09:27:16,0.3938415110000051,0.0065640251833334,676.86421279,11.281070213166666,272.6187655189999,4.543646091983332,46.122703817,0.7687117302833334,996.02097522,16.600349587,721.4759457781834,12.024599096303056,12.657472732950586,2822.61641944798,47.04360699079968
57,17,mu_0p100,0.1,0.1,58,2026-08-20 09:27:20,2026-08-20 09:44:12,0.3987090020000323,0.0066451500333338,689.5197154329999,11.491995257216663,276.4356410910002,4.607260684850004,45.29706634199965,0.7549511056999942,1011.672391792,16.861206529866664,738.4052689945,12.306754483241669,12.73112532749138,2826.3098227030864,47.105163711718106
58,18,mu_0p100,0.1,0.1,59,2026-08-20 09:44:17,2026-08-20 09:55:45,0.4641998659999444,0.0077366644333324,464.39892796999993,7.739982132833332,191.2807246379998,3.1880120772999967,31.37272005600016,0.5228786676000027,687.536921467,11.458948691116666,749.9478267428334,12.49913044571389,12.710980114285311,2809.126605257054,46.81877675428423
59,19,mu_0p100,0.1,0.1,60,2026-08-20 09:55:50,2026-08-20 10:12:33,0.4023836300002585,0.0067063938333376,683.7308751,11.395514585,272.96639365500005,4.549439894250001,46.124665711000034,0.7687444285166672,1003.244660405,16.720744340083336,766.7531354394334,12.779218923990555,12.779218923990555,2811.4281632779225,46.85713605463204
60,20,mu_0p100,0.1,0.1,61,2026-08-20 10:12:37,2026-08-20 10:24:13,0.3964426990000902,0.0066073783166681,467.77204043699976,7.796200673949996,194.88931182099984,3.2481551970166644,33.17923619799967,0.5529872699666611,696.2575282760004,11.60429213793334,778.4250640281334,12.973751067135558,12.761066623412024,2794.673590527233,46.57789317545388
61,21,mu_0p100,0.1,0.1,62,2026-08-20 10:24:18,2026-08-20 10:36:15,0.6556853319998481,0.0109280888666641,488.65025213699937,8.14417086894999,194.39211105599952,3.239868517599992,32.86608269499993,0.5477680449166655,716.5994405050005,11.943324008416676,790.45144259935,13.174190709989167,12.74921681611855,2779.329265913844,46.3221544318974
62,22,mu_0p100,0.1,0.1,63,2026-08-20 10:36:19,2026-08-20 10:48:07,0.4229952089999642,0.0070499201499994,480.2459432610003,8.004099054350005,194.65539985299984,3.244256664216664,32.394944573999965,0.5399157428999994,707.7389544150001,11.795649240250002,802.3143586418001,13.371905977363337,12.735148549869844,2763.527235321756,46.0587872553626
63,23,mu_0p100,0.1,0.1,64,2026-08-20 10:48:11,2026-08-20 11:04:49,0.6706916120001551,0.0111781935333359,676.4175384810005,11.273625641350009,275.078898623,4.584648310383333,45.374397414999294,0.7562399569166549,997.579172883,16.62631954805,819.0137625427667,13.650229375712778,12.79709003973073,2764.171448581837,46.06952414303063
64,24,mu_0p100,0.1,0.1,65,2026-08-20 11:04:53,2026-08-20 11:21:45,0.5666196960000889,0.0094436616000014,692.2300734669998,11.537167891116663,273.3576285600002,4.555960476000004,45.5148310780005,0.7585805179666749,1011.702988897,16.861716481616668,835.9467248060001,13.932445413433337,12.86071884316923,2765.0545512813846,46.08424252135641
65,25,mu_0p100,0.1,0.1,66,2026-08-20 11:21:49,2026-08-20 11:38:42,0.4862935020000805,0.0081048917000013,686.8379290800003,11.447298818000004,280.3923222510002,4.673205370850003,45.48835733299893,0.7581392888833155,1013.2269976830004,16.887116628050006,852.9041568100499,14.2150692801675,12.922790254697729,2765.4771145053137,46.09128524175522
66,26,mu_0p100,0.1,0.1,67,2026-08-20 11:38:46,2026-08-20 11:50:06,0.5043645400000969,0.0084060756666682,462.6752481589992,7.711254135983321,184.7583267030004,3.079305445050007,32.22476015599932,0.537079335933322,680.1880672209991,11.336467787016652,864.31034336385,14.4051723893975,12.900154378564928,2747.7328826343296,45.79554804390549
67,27,mu_0p100,0.1,0.1,68,2026-08-20 11:50:11,2026-08-20 12:06:44,0.6175639779994526,0.0102927329666575,673.2742502750007,11.221237504583344,273.54824788399856,4.559137464733309,45.32720258500012,0.7554533764166688,992.8019208490005,16.546698680816675,880.9391472224166,14.682319120373611,12.954987459153186,2746.457341340475,45.77428902234126
68,28,mu_0p100,0.1,0.1,69,2026-08-20 12:06:48,2026-08-20 12:18:38,0.4666907509999873,0.0077781791833331,479.95449640100014,7.999241606683336,196.63106674899973,3.2771844458166624,32.41534586499984,0.5402557644166639,709.4872921770002,11.824788202950003,892.83220170275,14.880536695045834,12.939597126126811,2730.254993612757,45.50424989354596
69,29,mu_0p100,0.1,0.1,70,2026-08-20 12:18:42,2026-08-20 12:35:18,0.6046186039984605,0.0100769767333076,677.9050265610003,11.298417109350003,272.25734716399893,4.537622452733316,44.88280090599983,0.7480466817666638,995.6875979100004,16.594793298500008,909.4988214419168,15.158313690698613,12.992840306313097,2728.49646432575,45.47494107209583
70,30,mu_0p100,0.1,0.1,71,2026-08-20 12:35:22,2026-08-20 12:52:22,0.5305485349999799,0.0088424755833329,697.5300215810003,11.625500359683338,278.47275761200035,4.641212626866673,43.63143184799992,0.7271905307999986,1020.184901449,17.003081690816664,926.5717919343666,15.44286319890611,13.05030692865305,2727.514148088488,45.45856913480813
71,31,mu_0p100,0.1,0.1,72,2026-08-20 12:52:27,2026-08-20 13:08:51,0.6140371309993498,0.0102339521833224,666.995213885999,11.116586898099984,273.2537830330002,4.55422971721667,43.0258103619999,0.717096839366665,983.930587232,16.398843120533336,943.0524829090334,15.717541381817224,13.097951151514351,2724.3738395149853,45.40623065858309
72,32,mu_0p100,0.1,0.1,73,2026-08-20 13:08:57,2026-08-20 13:25:31,0.4604921589998412,0.007674869316664,676.1266785940006,11.268777976566676,272.96705951199874,4.549450991866646,44.78725133499938,0.7464541889166564,994.361867234,16.57269778723333,959.7214263180168,15.99535710530028,13.146868853671462,2721.4018527099925,45.35669754516654
73,33,mu_0p100,0.1,0.1,74,2026-08-20 13:25:36,2026-08-20 13:37:15,0.593950335000045,0.0098991722500007,471.3854651389993,7.8564244189833214,194.40590645200064,3.240098440866677,32.94915805300116,0.5491526342166859,699.3720573149985,11.656200955249975,971.4551577472168,16.190919295786944,13.127772401989414,2704.3211148098194,45.07201858016366
74,34,mu_0p100,0.1,0.1,75,2026-08-20 13:37:21,2026-08-20 13:53:34,0.4875238250006077,0.0081253970833434,652.0117024849988,10.866861708083311,274.751510064998,4.579191834416633,45.77397955500055,0.7628996592500091,973.0462742599992,16.217437904333323,987.7660625759,16.462767709598335,13.170214167678669,2699.8939043741266,44.99823173956877
75,35,mu_0p100,0.1,0.1,76,2026-08-20 13:53:38,2026-08-20 14:10:52,0.6352750559999549,0.0105879175999992,707.4245232719986,11.790408721199976,279.6904109589996,4.66150684931666,45.76880668600279,0.7628134447667132,1033.5602868130009,17.22600478021668,1005.0664321629168,16.75110720271528,13.224558317933116,2697.8098968583554,44.96349828097259
76,36,mu_0p100,0.1,0.1,77,2026-08-20 14:10:56,2026-08-20 14:27:35,0.3943286109970358,0.0065721435166172,684.1376857680007,11.402294762800013,269.3253100440015,4.488755167400026,45.14042278299894,0.752340379716649,999.0180393419978,16.65030065569996,1021.79321294115,17.029886882352503,13.270041726508444,2693.8184704812143,44.89697450802024
77,37,mu_0p100,0.1,0.1,78,2026-08-20 14:27:40,2026-08-20 14:44:32,0.5879816890010261,0.0097996948166837,687.2153435030013,11.453589058383356,279.0056137899992,4.650093563166653,45.56767022399799,0.7594611703999665,1012.4010198970028,16.873350331616713,1038.7377104193831,17.31229517365639,13.31715013358184,2690.064326983532,44.83440544972553
78,38,mu_0p100,0.1,0.1,79,2026-08-20 14:44:36,2026-08-20 15:00:02,0.4712253040015639,0.0078537550666927,607.2466635890014,10.120777726483356,272.6672012810013,4.544453354683355,45.62313364099828,0.7603855606833047,926.0299229449992,15.43383204908332,1054.24224762665,17.570704127110833,13.344838577552531,2682.3125540880587,44.70520923480098
79,39,mu_0p100,0.1,0.1,80,2026-08-20 15:00:07,2026-08-20 15:16:44,0.4060203740009456,0.006767006233349,676.7296981860018,11.27882830310003,273.32928311900105,4.555488051983351,46.49161062799976,0.7748601771333293,996.980381346002,16.616339689100034,1070.9304019951333,17.848840033252223,13.386630024939166,2677.326004987833,44.62210008313056
80,0,mu_0p125,0.125,0.125,81,2026-08-20 15:16:48,2026-08-20 15:33:26,0.5704212689997803,0.0095070211499963,681.3962998850002,11.356604998083336,271.2382861510014,4.520638102516689,45.04060787499839,0.7506767979166398,998.2715668890014,16.637859448150024,1087.6420672705667,18.12736778784278,13.427679842846503,2672.1082887264542,44.5351381454409
81,1,mu_0p125,0.125,0.125,82,2026-08-20 15:33:31,2026-08-20 15:45:16,0.6002138930016372,0.0100035648833606,478.1496132780012,7.96916022130002,194.5468486979989,3.242447478299982,32.06704362700111,0.5344507271166852,705.4022783419969,11.75670463903328,1099.4721224265336,18.32453537377556,13.408196614957726,2654.82292976163,44.2470488293605
82,2,mu_0p125,0.125,0.125,83,2026-08-20 15:45:20,2026-08-20 16:02:01,0.6885660580010153,0.0114761009666835,680.6788295610022,11.344647159350036,273.6690667219991,4.561151112033318,45.38462743000128,0.7564104571666879,1000.4588351650018,16.674313919416697,1116.220280814267,18.60367134690445,13.44843711824418,2649.342112294103,44.15570187156839
83,3,mu_0p125,0.125,0.125,84,2026-08-20 16:02:05,2026-08-20 16:18:39,0.3853434020020359,0.0064223900333672,673.8337759490023,11.230562932483371,273.8846921559998,4.564744869266663,45.52793116599787,0.7587988527666312,993.6524521210011,16.560874202016688,1132.8539812264,18.88089968710667,13.486356919361905,2643.325956194933,44.05543260324889
84,4,mu_0p125,0.125,0.125,85,2026-08-20 16:18:44,2026-08-20 16:35:23,0.4030275570003141,0.0067171259500052,681.1875735229987,11.353126225383312,272.164890627002,4.536081510450034,45.843106814998464,0.7640517802499744,999.618804005,16.660313400083336,1149.5937239451168,19.159895399085283,13.52463204641314,2637.3032490505625,43.95505415084271
85,5,mu_0p125,0.125,0.125,86,2026-08-20 16:35:28,2026-08-20 16:52:16,0.3938481929981208,0.0065641365499686,690.8480960390007,11.514134933983344,271.6298191550013,4.527163652583355,45.51293751000048,0.758548958500008,1008.4054059950032,16.806756766583383,1166.4721592775002,19.441202654625005,13.5636297590407,2631.3441732538963,43.855736220898265
86,6,mu_0p125,0.125,0.125,87,2026-08-20 16:52:20,2026-08-20 17:09:17,0.3735534680017736,0.0062258911333628,695.2606684249986,11.58767780708331,277.1931374170017,4.619885623616695,43.77569387300173,0.7295948978833622,1016.6234351330022,16.94372391888337,1183.4865290732168,19.72477548455361,13.603293437623185,2625.4356334612744,43.75726055768791
87,7,mu_0p125,0.125,0.125,88,2026-08-20 17:09:22,2026-08-20 17:26:16,0.6803146899983403,0.011338578166639,688.7825724689974,11.479709541149957,277.2428013989993,4.620713356649988,47.25488332300301,0.7875813887167169,1014.0016104089992,16.900026840149984,1200.4734342571169,20.007890570951947,13.6417435711036,2619.2147656518914,43.65357942753152
88,8,mu_0p125,0.125,0.125,89,2026-08-20 17:26:20,2026-08-20 17:42:54,0.5070058780002,0.00845009796667,676.4824505620018,11.274707509366696,271.57352175599954,4.526225362599992,45.11492064900085,0.7519153441500142,993.6978117370018,16.561630195616697,1217.1074433584,20.28512405597333,13.675364532116856,2611.99462563432,43.533243760572
89,9,mu_0p125,0.125,0.125,90,2026-08-20 17:42:59,2026-08-20 17:59:40,0.4623990110012528,0.0077066501833542,681.453334433998,11.357555573899964,276.95456875200034,4.615909479200005,42.50710576300117,0.7084517627166861,1001.397738196003,16.689962303266718,1233.8694833235834,20.564491388726392,13.709660925817593,2604.835575905343,43.413926265089046
90,10,mu_0p125,0.125,0.125,91,2026-08-20 17:59:46,2026-08-20 18:16:02,0.4056505799999286,0.0067608429999988,664.1361001729965,11.068935002883276,269.8140905090004,4.496901508483339,42.02215189099661,0.7003691981832768,976.3984148760028,16.273306914600045,1250.243420080717,20.837390334678616,13.73893868220568,2596.659410936873,43.27765684894789
91,11,mu_0p125,0.125,0.125,92,2026-08-20 18:16:08,2026-08-20 18:32:51,0.4058505410066573,0.0067641756834442,687.9940094730046,11.466566824550076,270.0223192440026,4.500371987400043,44.62083045300096,0.743680507550016,1003.063919139,16.71773198565,1267.0602749322668,21.117671248871112,13.77239429274203,2589.210127035502,43.15350211725836
92,12,mu_0p125,0.125,0.125,93,2026-08-20 18:32:56,2026-08-20 18:49:29,0.5987691199989058,0.009979485333315,680.4905634329989,11.341509390549982,267.4723534639997,4.457872557733329,44.133537985006114,0.7355589664167685,992.7300652699996,16.545501087833326,1283.681129524217,21.394685492070284,13.80302289810986,2581.165281946544,43.01942136577573
93,13,mu_0p125,0.125,0.125,94,2026-08-20 18:49:33,2026-08-20 19:06:28,0.4250043409992941,0.0070834056833215,693.5653198210057,11.55942199701676,274.24880285800464,4.570813380966744,46.51801177299785,0.7753001962166308,1014.7783863699952,16.912973106166586,1300.6645769604002,21.677742949340004,13.836857201706383,2573.6554395173875,42.89425732528979
94,14,mu_0p125,0.125,0.125,95,2026-08-20 19:06:33,2026-08-20 19:23:32,0.7261815419988125,0.0121030256999802,692.6162355440028,11.54360392573338,279.8804523479994,4.664674205799989,45.755133436003234,0.7625855572667206,1019.0163434119968,16.98360572353328,1317.7343649442166,21.962239415736946,13.870888052044387,2566.114289628212,42.76857149380353
95,15,mu_0p125,0.125,0.125,96,2026-08-20 19:23:36,2026-08-20 19:39:56,0.4729428220016416,0.007882380366694,664.0575661140028,11.067626101900048,270.0795364579972,4.501325607633286,45.1792995700016,0.7529883261666934,979.8098102500009,16.33016350416668,1334.138269785367,22.23563782975611,13.89727364359757,2557.098350421953,42.618305840365885
96,16,mu_0p125,0.125,0.125,97,2026-08-20 19:40:01,2026-08-20 19:51:30,0.5918634299960104,0.0098643904999335,465.28552830499393,7.754758805083232,192.11122589099975,3.201853764849996,31.12914479400206,0.5188190799000343,689.1528674969959,11.485881124949932,1345.7030372970337,22.42838395495056,13.873227188629212,2538.8005755191457,42.31334292531909
97,17,mu_0p125,0.125,0.125,98,2026-08-20 19:51:36,2026-08-20 20:08:04,0.4173655580016202,0.0069560926333603,669.5640624000007,11.159401040000011,272.3221625649967,4.538702709416612,45.92439610899601,0.7654066018166001,988.2479168409992,16.47079861401665,1362.2725955312003,22.704543258853334,13.900740770726534,2529.934820272229,42.16558033787049
98,18,mu_0p125,0.125,0.125,99,2026-08-20 20:08:09,2026-08-20 20:24:21,0.6022661710012471,0.0100377695166874,653.772043566998,10.896200726116634,272.1990335570008,4.536650559283347,45.26049819299806,0.7543416365499677,971.8741665350026,16.197902775583376,1378.55351584655,22.975891930775838,13.92478298834899,2520.3857208911672,42.00642868151946
99,19,mu_0p125,0.125,0.125,100,2026-08-20 20:24:25,2026-08-20 20:40:31,0.4780321779981022,0.007967202966635,656.8099630900033,10.94683271816672,266.42889858599665,4.440481643099944,42.034602608997375,0.7005767101499563,965.7720641589984,16.096201069316642,1394.7222881665168,23.245371469441945,13.947222881665168,2510.50011869973,41.8416686449955
100,20,mu_0p125,0.125,0.125,101,2026-08-20 20:40:36,2026-08-20 20:52:42,0.6894177959984518,0.0114902965999741,492.08114151300106,8.201352358550018,199.26614054499805,3.3211023424166344,33.38911831899895,0.5564853053166492,725.4650772940004,12.091084621566672,1406.8991218994502,23.44831869832417,13.92969427623218,2493.41527544556,41.556921257426005
101,21,mu_0p125,0.125,0.125,102,2026-08-20 21:20:42,2026-08-20 21:31:09,0.3759155000000191,0.0062652583333336,432.569888619,7.209498143649999,165.80027206499994,2.763337867749999,27.606151628999896,0.4601025271499983,626.373739553,10.439562325883331,1415.4554994467337,23.59092499077889,13.877014700458174,2470.1086166815558,41.168476944692586
102,22,mu_0p125,0.125,0.125,103,2026-08-20 21:31:12,2026-08-20 21:41:56,0.5234790000001794,0.0087246500000029,443.4701404320001,7.391169007200002,172.47717606000015,2.8746196010000022,28.175040141999943,0.4695840023666657,644.6700366530001,10.744500610883335,1426.2518184146504,23.770863640244173,13.847105033151944,2450.937590867894,40.84895984779824
103,23,mu_0p125,0.125,0.125,104,2026-08-20 21:42:00,2026-08-20 21:52:21,0.2932431680001173,0.0048873861333352,422.5984097080002,7.04330682846667,171.082865718,2.8513810953,27.511426792000293,0.4585237798666715,621.5067874939998,10.35844645823333,1436.6655858905838,23.94442643150973,13.814092172024845,2431.280222276373,40.521337037939546
104,24,mu_0p125,0.125,0.125,105,2026-08-20 21:52:25,2026-08-20 22:02:55,0.3278735910002979,0.0054645598500049,428.241277993,7.137354633216668,173.29121173799967,2.8881868622999947,27.976649841999915,0.4662774973666652,629.8524219730002,10.49754036621667,1447.2285254671672,24.12047542445279,13.78312881397302,2412.047542445279,40.200792374087975
105,25,mu_0p125,0.125,0.125,106,2026-08-20 22:02:58,2026-08-20 22:13:49,0.2598427490001995,0.0043307124833366,446.9249696759998,7.448749494599997,175.3519732509999,2.922532887516665,28.97875833099988,0.4829793055166647,651.530541567,10.85884235945,1458.1370593648005,24.30228432274668,13.756009994007552,2393.5457389573144,39.89242898262191
106,26,mu_0p125,0.125,0.125,107,2026-08-20 22:13:53,2026-08-20 22:21:20,0.5321493619999274,0.0088691560333321,306.10828490699987,5.1018047484499975,120.28545837399996,2.0047576395666664,20.613991847000307,0.3435665307833384,447.563904868,7.459398414466666,1465.6488549044009,24.427480915073343,13.69765284957384,2369.693942976274,39.49489904960456
107,27,mu_0p125,0.125,0.125,108,2026-08-20 22:21:23,2026-08-20 22:28:51,0.2849738589998196,0.0047495643166636,307.2574431609996,5.12095738601666,121.13224496400017,2.0188707494000027,19.40629069500028,0.3234381782500046,448.09851740700014,7.468308623450002,1473.1686075443672,24.55281012573945,13.640450069855252,2346.1574120151035,39.10262353358506
108,28,mu_0p125,0.125,0.125,109,2026-08-20 22:28:55,2026-08-20 22:39:30,0.2922416869996596,0.0048706947833276,438.66265795599975,7.311044299266663,168.74618831599946,2.8124364719333244,27.717145436000465,0.461952423933341,635.4339084550002,10.59056514091667,1483.8160320098505,24.73026720016417,13.612991119356426,2327.821481409949,38.79702469016581
109,29,mu_0p125,0.125,0.125,110,2026-08-20 22:39:33,2026-08-20 22:50:14,0.3005545260002691,0.0050092421000044,436.808621743,7.280143695716666,174.50023759800024,2.908337293300004,28.59551862399985,0.4765919770666642,640.22173415,10.670362235833332,1494.5391242145672,24.90898540357612,13.58671931104152,2309.742282877058,38.49570471461764
110,30,mu_0p125,0.125,0.125,111,2026-08-20 22:50:17,2026-08-20 23:01:13,0.3295133660003557,0.0054918894333392,449.2428269310003,7.487380448850005,178.3257260070004,2.972095433450007,28.40317253900048,0.4733862089833413,656.3165898119996,10.938609830199994,1505.5345059497172,25.09224176582862,13.563373927474933,2292.210193743263,38.20350322905439
111,31,mu_0p125,0.125,0.125,112,2026-08-20 23:01:17,2026-08-20 23:10:51,0.3993739239995193,0.0066562320666586,369.7643975199999,6.1627399586666645,175.430285509,2.9238380918166667,28.370723670999723,0.4728453945166621,573.9896489109997,9.56649414851666,1515.155512914817,25.25259188191362,13.528174222453725,2272.733269372226,37.87888782287043
112,32,mu_0p125,0.125,0.125,113,2026-08-20 23:10:54,2026-08-20 23:21:30,0.325083351000103,0.0054180558500017,432.6627056930001,7.211045094883335,175.6620820930002,2.92770136821667,27.744816053999784,0.4624136008999964,636.4311145070005,10.607185241783345,1525.8140423929506,25.43023403988251,13.5027791362208,2254.9641157488736,37.58273526248123
113,33,mu_0p125,0.125,0.125,114,2026-08-20 23:21:33,2026-08-20 23:29:01,0.3272095870006524,0.0054534931166775,306.87334115500016,5.114555685916669,121.87626555099996,2.031271092516666,19.04323802500039,0.3173873004166732,448.141548906,7.4690258151,1533.337249010334,25.5556208168389,13.450326745704682,2232.754239786977,37.21257066311629
114,34,mu_0p125,0.125,0.125,115,2026-08-20 23:29:04,2026-08-20 23:39:38,0.3934570989995336,0.0065576183166588,433.1361572860005,7.218935954766676,171.03411516099914,2.850568586016652,28.54900783199992,0.4758167971999986,633.1457928329992,10.552429880549989,1543.9384702623838,25.7323078377064,13.425551915325078,2215.216066028638,36.92026776714397
115,35,mu_0p125,0.125,0.125,116,2026-08-20 23:39:41,2026-08-20 23:50:13,0.325273456001014,0.0054212242666835,436.38024493600096,7.273004082266683,166.98794166100015,2.783132361016669,28.11761698400005,0.4686269497333342,631.8274727669996,10.530457879449992,1554.523726527451,25.90872877545751,13.401066607995263,2197.774923711223,36.62958206185372
116,36,mu_0p125,0.125,0.125,117,2026-08-20 23:50:16,2026-08-21 00:00:42,0.2865931380001711,0.0047765523000028,428.165771852,7.136096197533334,170.9578330460008,2.849297217433347,27.19146731199908,0.4531911218666513,626.6235957770004,10.44372659628334,1565.0206068640005,26.083676781066675,13.376244503111115,2180.327854007112,36.3387975667852
117,37,mu_0p125,0.125,0.125,118,2026-08-21 00:00:46,2026-08-21 00:12:00,0.3809103409985255,0.0063485056833087,455.5703894360013,7.592839823933355,187.78063137800015,3.129677189633336,30.928648672001145,0.5154774778666857,674.6889972730005,11.244816621216676,1576.3200666544838,26.272001110908064,13.358644632665117,2164.1004304917487,36.06834050819581
118,38,mu_0p125,0.125,0.125,119,2026-08-21 00:12:05,2026-08-21 00:22:46,0.3766335990003426,0.0062772266500057,438.8022504599994,7.3133708409999905,174.96498482599964,2.916083080433327,27.365993938999964,0.4560998989833327,641.5373939109995,10.69228989851666,1587.0830468348672,26.45138411391445,13.33683232634342,2147.230004541291,35.78716674235484
119,39,mu_0p125,0.125,0.125,120,2026-08-21 00:22:50,2026-08-21 00:33:40,0.269577566999942,0.004492959449999,444.378247962999,7.406304132716651,176.76643349200094,2.946107224866682,28.72867175200008,0.478811195866668,650.1618355739993,10.836030592899988,1597.9789765073838,26.63298294178973,13.316491470894864,2130.6386353431785,35.51064392238631
120,0,mu_0p150,0.15,0.15,121,2026-08-21 00:33:43,2026-08-21 00:44:59,0.4144305990012071,0.0069071766500201,468.53467391900085,7.808911231983347,177.74036822700143,2.9623394704500243,28.722281777001623,0.4787046962833604,675.4288632499993,11.257147720833322,1609.294102230284,26.82156837050473,13.29995125810152,2114.692250038141,35.244870833969024
121,1,mu_0p150,0.15,0.15,122,2026-08-21 00:45:02,2026-08-21 00:55:46,0.4140661569999793,0.0069011026166663,440.8493619689998,7.347489366149997,174.31738364400007,2.9052897274000014,27.754514934000326,0.4625752489000054,643.3593054520006,10.722655090866676,1620.076778992534,27.001279649875567,13.27931786059454,2098.132221973937,34.96887036623229
122,2,mu_0p150,0.15,0.15,123,2026-08-21 00:55:49,2026-08-21 01:06:43,0.3255434940001578,0.0054257249000026,446.66727189299854,7.444454531549976,178.4408379180004,2.974013965300007,28.172043906999534,0.4695340651166589,653.6226529510004,10.893710882516674,1631.0234476145172,27.183724126908626,13.260353232638352,2081.875457524221,34.697924292070354
123,3,mu_0p150,0.15,0.15,124,2026-08-21 01:06:46,2026-08-21 01:17:39,0.3876096359999792,0.0064601605999996,451.0530510289991,7.517550850483318,173.76394052700016,2.8960656754500027,27.75953363299959,0.4626588938833265,652.9869239230011,10.883115398716685,1641.9647560191506,27.36607926698584,13.241651258218956,2065.697596282157,34.42829327136929
124,4,mu_0p150,0.15,0.15,125,2026-08-21 01:17:42,2026-08-21 01:28:10,0.3205836130000534,0.0053430602166675,430.15740578999976,7.169290096499996,168.54523968300057,2.8090873280500093,28.208739960999083,0.4701456660166513,627.2489356149999,10.454148926916666,1652.4747627583504,27.541246045972507,13.219798102066802,2049.0687058203544,34.15114509700591
125,5,mu_0p150,0.15,0.15,126,2026-08-21 01:28:13,2026-08-21 01:38:47,0.3386824160006654,0.0056447069333444,431.0075795169996,7.18345965861666,174.61123442100143,2.910187240350024,28.42448664499898,0.4737414440833163,634.3976000279999,10.5732933338,1663.0958862400173,27.71826477066696,13.199173700317598,2032.67274984891,33.8778791641485
126,6,mu_0p150,0.15,0.15,127,2026-08-21 01:38:50,2026-08-21 01:49:32,0.3691403320008248,0.0061523388666804,441.325774414001,7.355429573566683,171.8698432600013,2.864497387666688,28.13072930799899,0.4688454884666498,641.7119725320008,10.695199542200012,1673.8494964850504,27.897491608084174,13.179917295157876,2016.5273461591555,33.60878910265259
127,7,mu_0p150,0.15,0.15,128,2026-08-21 01:49:37,2026-08-21 02:00:31,0.3916755990030651,0.006527926650051,444.06172115299705,7.401028685883283,181.80960120799864,3.0301600201333105,28.194580874001986,0.4699096812333664,654.4760890530015,10.907934817550023,1684.8303008088174,28.080505013480288,13.162736725068886,2000.7359822104704,33.345599703507844
128,8,mu_0p150,0.15,0.15,129,2026-08-21 02:00:34,2026-08-21 02:11:25,0.3214468349979142,0.0053574472499652,448.3125027170026,7.471875045283378,173.76381883000067,2.896063647166678,27.720835785999952,0.4620139297666659,650.1377766959995,10.835629611599993,1695.7228648958671,28.26204774826445,13.14513848756486,1984.915911622294,33.08193186037157
129,9,mu_0p150,0.15,0.15,130,2026-08-21 02:11:28,2026-08-21 02:22:01,0.4191200880013639,0.0069853348000227,430.127096608001,7.168784943466684,173.56820842600064,2.892803473766677,29.12577552899893,0.4854295921499821,633.2622342190007,10.554370570316678,1706.332826657784,28.4388804442964,13.125637128136798,1968.84556922052,32.814092820342
130,10,mu_0p150,0.15,0.15,131,2026-08-21 02:22:05,2026-08-21 02:33:05,0.5477020680009446,0.0091283678000157,458.5123235670035,7.6418720594500575,172.32907644900115,2.8721512741500197,28.683298162999563,0.478054969383326,660.1079639950003,11.001799399916672,1717.3971902929338,28.62328650488223,13.109902215976597,1953.3754301805125,32.556257169675206
131,11,mu_0p150,0.15,0.15,132,2026-08-21 02:33:08,2026-08-21 02:43:50,0.3406047759999637,0.005676746266666,441.3002688439992,7.35500448073332,173.0523691080016,2.8842061518000266,27.29065071399964,0.4548441785666606,642.0066280890023,10.700110468150038,1728.1489718288335,28.802482863813896,13.092037665369954,1937.6215744747533,32.29369290791256
132,12,mu_0p150,0.15,0.15,133,2026-08-21 02:43:53,2026-08-21 02:54:27,0.3811646220019611,0.0063527437000326,437.801327934998,7.296688798916633,167.29747403800138,2.7882912339666897,28.185400355003367,0.4697566725833894,633.6817974299993,10.561363290499989,1738.761089860984,28.979351497683066,13.073391653090104,1921.788573004245,32.02980955007075
133,13,mu_0p150,0.15,0.15,134,2026-08-21 02:54:30,2026-08-21 03:05:14,0.2996882280021964,0.0049948038000366,445.7444981910012,7.42907496985002,170.84032416400078,2.84733873606668,27.190310508998664,0.4531718418166444,644.0933264800005,10.734888774666675,1749.5523990338838,29.15920665056473,13.056361186820029,1906.2287332757244,31.77047888792874
134,14,mu_0p150,0.15,0.15,135,2026-08-21 03:05:18,2026-08-21 03:15:56,0.3521566300005361,0.0058692771666756,438.4678481780029,7.307797469633382,172.35997860800126,2.8726663101333543,27.34911886199916,0.455818647699986,638.5474641849978,10.64245773641663,1760.2472994126338,29.337454990210563,13.03886888453803,1890.6359882580143,31.51059980430024
135,15,mu_0p150,0.15,0.15,136,2026-08-21 03:16:00,2026-08-21 03:26:31,0.3466801110007509,0.0057780018500125,429.9198029250001,7.165330048750002,172.71152361699933,2.8785253936166555,27.551854716999514,0.4591975786166585,630.5485085179971,10.509141808633284,1770.821212838384,29.51368688063973,13.02074421204694,1874.98716653476,31.24978610891266
136,16,mu_0p150,0.15,0.15,137,2026-08-21 03:26:34,2026-08-21 03:37:13,0.4407709759980207,0.0073461829333003,437.4213361300026,7.29035560216671,173.26817333000145,2.8878028888333573,27.88793559799888,0.4647989266333146,639.0435205920003,10.650725343200005,1781.5296836241505,29.69216139373584,13.003866303825918,1859.552881447106,30.992548024118435
137,17,mu_0p150,0.15,0.15,138,2026-08-21 03:37:16,2026-08-21 03:48:00,0.3326621939995675,0.0055443698999927,443.01598641599776,7.383599773599963,172.26250874099787,2.8710418123499646,28.31745005799894,0.471957500966649,643.9470834179992,10.732451390299987,1792.3196898554504,29.871994830924177,12.987823839532249,1844.2709852135797,30.73784975355965
138,18,mu_0p150,0.15,0.15,139,2026-08-21 03:48:04,2026-08-21 03:58:52,0.301852377000614,0.0050308729500102,443.6503160640023,7.394171934400037,176.13696909300052,2.9356161515500085,28.03610661700077,0.4672684436166794,648.152351849003,10.802539197483384,1803.1764804455167,30.052941340758625,12.972492665075665,1829.1214657756689,30.48535776292781
139,19,mu_0p150,0.15,0.15,140,2026-08-21 03:58:55,2026-08-21 04:10:09,0.3504101340004126,0.0058401689000068,456.1095267669989,7.601825446116648,183.65907216399864,3.060984536066644,33.73301440499927,0.5622169067499878,673.8701247389981,11.231168745649969,1814.4665684977172,30.24110947496196,12.96047548926941,1814.4665684977172,30.24110947496196
140,20,mu_0p150,0.15,0.15,141,2026-08-21 04:10:15,2026-08-21 04:21:26,0.4175201689977257,0.0069586694832954,465.1005404429998,7.751675674049996,177.51434013900143,2.958572335650024,27.8913136409974,0.4648552273499566,670.9680141360004,11.182800235600007,1825.7464720611504,30.42910786768584,12.948556539440782,1799.8493589822688,29.997489316371148
141,21,mu_0p150,0.15,0.15,142,2026-08-21 04:21:30,2026-08-21 04:32:14,0.3486113430008117,0.0058101890500135,441.10841352100033,7.351806892016672,174.05614147199958,2.900935691199993,28.3679406629999,0.4727990110499983,643.9020274079994,10.73170045679999,1836.5385585969009,30.60897597661501,12.933370130964088,1784.805078073044,29.7467513012174
142,22,mu_0p150,0.15,0.15,143,2026-08-21 04:32:17,2026-08-21 04:42:58,0.3796400100000028,0.0063273335,438.5375098719997,7.30895849786666,173.4882411260005,2.8914706854333416,29.305591659998758,0.4884265276666459,641.7270502370011,10.695450837283351,1847.2844537712504,30.78807422952084,12.918073103295455,1769.7760151514776,29.49626691919129
143,23,mu_0p150,0.15,0.15,144,2026-08-21 04:43:02,2026-08-21 04:53:42,0.412060926999402,0.0068676821166567,438.1595694409989,7.302659490683315,171.91005009700166,2.8651675016166944,29.763163159001124,0.4960527193166854,640.2739135709999,10.671231892849995,1858.0159908994003,30.966933181656675,12.90288882569028,1754.792880293878,29.246548004897967
144,24,mu_0p150,0.15,0.15,145,2026-08-21 04:53:45,2026-08-21 05:04:24,0.344688565000979,0.0057448094166829,436.14557939299993,7.269092989883332,174.36963587599894,2.906160597933316,27.32778051800051,0.4554630086333418,638.2052561010023,10.63675426835004,1868.7061747064504,31.145102911774178,12.88762879107897,1739.829886795661,28.997164779927683
145,25,mu_0p150,0.15,0.15,146,2026-08-21 05:04:27,2026-08-21 05:15:33,0.4020376590015075,0.0067006276500251,462.09390641100254,7.701565106850042,174.45383259800292,2.907563876633382,28.986085460997856,0.4831014243499643,665.9551173680011,11.099251956133353,1879.8584891228504,31.33097481871417,12.875743076183907,1725.3495722086436,28.755826203477397
146,26,mu_0p150,0.15,0.15,147,2026-08-21 05:15:36,2026-08-21 05:26:15,0.3951271210025879,0.0065854520167098,438.460229657001,7.307670494283351,171.66637696399994,2.861106282733332,28.01705260399831,0.4669508767333051,638.561417511999,10.64269029186665,1890.5563774878503,31.509272958130843,12.860927738012588,1710.5033891556743,28.50838981926124
147,27,mu_0p150,0.15,0.15,148,2026-08-21 05:26:18,2026-08-21 05:37:13,0.3901727190022939,0.0065028786500382,452.2855004480007,7.538091674133344,174.1011190249992,2.90168531708332,27.84967425099967,0.4641612375166611,654.649250532002,10.910820842200032,1901.5217299884505,31.69202883314084,12.84811979721926,1695.9518132329424,28.26586355388237
148,28,mu_0p150,0.15,0.15,149,2026-08-21 05:37:16,2026-08-21 05:47:53,0.3329761540007894,0.0055496025666798,434.1513764990013,7.235856274983356,173.23069271699933,2.8871782119499887,29.226564631000656,0.4871094105166776,636.9650581499991,10.616084302499983,1912.1993862871168,31.869989771451955,12.833552928101458,1681.1954335812911,28.01992389302152
149,29,mu_0p150,0.15,0.15,150,2026-08-21 05:47:57,2026-08-21 05:58:36,0.5669919749998371,0.0094498662499972,441.0200685060008,7.350334475100014,169.80556402299771,2.8300927337166284,27.45953843299867,0.4576589738833111,638.8759903040009,10.647933171733348,1922.914717385784,32.0485786230964,12.819431449238555,1666.5260884010129,27.775434806683545
150,30,mu_0p150,0.15,0.15,151,2026-08-21 05:58:39,2026-08-21 06:06:27,0.4158615160013141,0.0069310252666885,317.18218165600047,5.286369694266674,129.16949861299872,2.152824976883312,21.13191499399909,0.3521985832333181,467.91889971800265,7.798648328633377,1930.7697510093672,32.179495850156115,12.78655464244614,1649.465548875552,27.4910924812592
151,31,mu_0p150,0.15,0.15,152,2026-08-21 06:06:31,2026-08-21 06:17:28,0.3673502999990887,0.0061225049999848,451.5765898649988,7.52627649774998,177.60348818900093,2.9600581364833487,26.901541733001068,0.4483590288833511,656.4752271059988,10.94125378509998,1941.7747806763173,32.36291301127196,12.774834083396824,1635.1787626747937,27.252979377913224
152,32,mu_0p150,0.15,0.15,153,2026-08-21 06:17:31,2026-08-21 06:28:25,0.4393288270002813,0.0073221471166713,448.6470298310014,7.477450497183357,174.04966992499976,2.9008278320833294,30.352043184997456,0.5058673864166242,653.5160342659983,10.891933904433303,1952.7236485740004,32.54539414290001,12.762899663882356,1620.888257313059,27.014804288550987
153,33,mu_0p150,0.15,0.15,154,2026-08-21 06:28:28,2026-08-21 06:38:28,0.3662402929985546,0.0061040048833092,396.12601424299646,6.602100237383274,174.70594304800034,2.911765717466672,28.522543835999382,0.4753757305999898,599.7445385289975,9.995742308816626,1962.778978232367,32.71298297053945,12.745318040469916,1605.9100730992095,26.765167884986823
154,34,mu_0p150,0.15,0.15,155,2026-08-21 06:38:32,2026-08-21 06:49:19,0.4367655759997433,0.0072794262666623,444.4867049840032,7.4081117497333855,173.19277239499934,2.8865462065833225,28.719431483994413,0.4786571913999068,646.8671510869972,10.781119184783286,1973.6218072077504,32.89369678679584,12.73304391746936,1591.63048968367,26.527174828061167
155,35,mu_0p150,0.15,0.15,156,2026-08-21 06:49:22,2026-08-21 07:00:33,0.5591426500031957,0.0093190441667199,462.79272625500016,7.713212104250003,178.03027786500024,2.967171297750004,29.20132436100539,0.4866887393500898,670.6121988580053,11.176869980966757,1984.8634544900335,33.08105757483389,12.72348368262842,1577.7119766459243,26.295199610765405
156,36,mu_0p150,0.15,0.15,157,2026-08-21 07:00:37,2026-08-21 07:11:50,0.4007672630032175,0.0066794543833869,464.3495308959973,7.739158848266622,177.9022894459995,2.965038157433325,30.38324176299648,0.5063873627166079,673.0595197170042,11.21765866195007,1996.1412713352004,33.26902118892001,12.714275613600002,1563.8559004728004,26.064265007880007
157,37,mu_0p150,0.15,0.15,158,2026-08-21 07:11:53,2026-08-21 07:22:54,0.4759218620019965,0.0079320310333666,449.2658414949983,7.487764024916639,180.7602109800064,3.012670183000106,30.06649084400124,0.501108180733354,660.58913244,11.009818874,2007.207097239584,33.45345162065973,12.7038423875923,1549.8687712862609,25.831146188104345
158,38,mu_0p150,0.15,0.15,159,2026-08-21 07:22:57,2026-08-21 07:33:52,0.3250505629985127,0.0054175093833085,454.5612591989993,7.576020986649989,170.72450206699432,2.8454083677832385,28.863424875999044,0.4810570812666507,654.4992750730016,10.908321251216694,2018.175908418017,33.63626514030029,12.692930241622747,1535.8445592363528,25.59740932060588
159,39,mu_0p150,0.15,0.15,160,2026-08-21 07:33:56,2026-08-21 07:44:29,0.3789204479980981,0.0063153407999683,435.0161778030015,7.250269630050025,169.84309327099618,2.830718221183269,28.156487512998865,0.4692747918833144,633.4170023830011,10.556950039716686,2028.7952460401173,33.81325410066862,12.679970287750733,1521.596434530088,25.359940575501465
160,0,mu_0p175,0.175,0.175,161,2026-08-21 07:44:32,2026-08-21 07:55:04,0.3160400550041231,0.0052673342500687,433.83682141199824,7.230613690199971,168.41435723299946,2.8069059538833243,29.33451932999742,0.488908655499957,631.918959978997,10.531982666316615,2039.3864316127504,33.98977386021251,12.666996469644412,1507.372579887685,25.12287633146142
161,1,mu_0p175,0.175,0.175,162,2026-08-21 07:55:08,2026-08-21 08:05:49,0.3764453999974648,0.0062740899999577,443.120000076,7.3853333346,170.0656282839991,2.834427138066652,27.09002264100127,0.4515003773500211,640.6755170690012,10.677925284483354,2050.1250874361003,34.16875145726834,12.655093132321609,1493.3009896139497,24.88834982689916
162,2,mu_0p175,0.175,0.175,163,2026-08-21 08:05:52,2026-08-21 08:16:31,0.3126627750025363,0.0052110462500422,439.0262228249994,7.31710371374999,170.02447029799805,2.8337411716333007,29.707219003001228,0.4951203167166871,639.0889440399988,10.651482400666646,2060.8338848283174,34.34723141380529,12.643152667658388,1479.2488621160312,24.65414770193385
163,3,mu_0p175,0.175,0.175,164,2026-08-21 08:16:34,2026-08-21 08:27:21,0.3834722500032512,0.0063912041667208,443.1804935980035,7.386341559966725,173.6056878199961,2.8934281303332683,29.68533821900201,0.4947556369833668,646.8842847549968,10.781404745916612,2071.6690760560173,34.52781793426696,12.632128512536692,1465.326907454256,24.422115124237603
164,4,mu_0p175,0.175,0.175,165,2026-08-21 08:27:25,2026-08-21 08:38:08,0.4690437730023404,0.0078173962167056,442.23999728900526,7.370666621483421,170.96974855999724,2.849495809333287,29.81030796199775,0.4968384660332958,643.5100467439988,10.725167445733314,2082.4521960713505,34.707536601189176,12.620922400432429,1451.406076049729,24.19010126749549
165,5,mu_0p175,0.175,0.175,166,2026-08-21 08:38:12,2026-08-21 08:48:55,0.3967727190029109,0.0066128786500485,445.106737989001,7.418445633150016,170.9514791239999,2.8491913187333315,27.12573987599899,0.4520956645999831,643.6010527460021,10.726684212433367,2093.232838523884,34.88721397539806,12.609836376649902,1437.521346938089,23.95868911563481
166,6,mu_0p175,0.175,0.175,167,2026-08-21 08:48:59,2026-08-21 08:59:17,0.3744687009966583,0.0062411450166109,422.16137222099496,7.036022870349916,167.5291330300024,2.792152217166707,28.069855212997936,0.4678309202166322,618.1517198149959,10.302528663583264,2103.594004521084,35.0599000753514,12.596371284557389,1423.3899551549848,23.723165919249748
167,7,mu_0p175,0.175,0.175,168,2026-08-21 08:59:20,2026-08-21 09:09:48,0.4019452089996775,0.0066990868166612,433.4415427269996,7.22402571211666,166.883013587998,2.7813835597999668,27.15902993999771,0.4526504989999618,627.8992521629989,10.464987536049982,2114.1126910225007,35.23521151704168,12.584004113229168,1409.408460681667,23.49014101136112
168,8,mu_0p175,0.175,0.175,169,2026-08-21 09:36:31,2026-08-21 09:51:58,0.4853392559999747,0.0080889875999995,628.34093209,10.472348868166668,254.60500121100017,4.2434166868500025,43.23124132599992,0.7205206887666653,926.681329527,15.444688825450005,2128.267871728284,35.47113119547139,12.593301016143691,1397.8564127919497,23.29760687986583
169,9,mu_0p175,0.175,0.175,170,2026-08-21 09:52:02,2026-08-21 10:07:32,0.4358333960001346,0.0072638899333355,630.7810483700002,10.513017472833337,257.0199428369997,4.283665713949995,41.08840862499983,0.6848068104166638,929.3445566539996,15.489075944233328,2143.827952796217,35.73046587993695,12.610752663507158,1387.1827929857873,23.11971321642979
170,10,mu_0p175,0.175,0.175,171,2026-08-21 10:07:36,2026-08-21 10:23:10,0.5689558700000816,0.0094825978333346,637.5616172320001,10.626026953866669,252.8315891509997,4.213859819183328,42.281834275000165,0.7046972379166694,933.2846882159996,15.554744803599997,2159.4609589168667,35.99101598194778,12.628426660332556,1376.4985059762485,22.94164176627081
171,11,mu_0p175,0.175,0.175,172,2026-08-21 10:23:14,2026-08-21 10:38:14,0.4940690280000126,0.0082344838000002,610.0445655579997,10.167409425966662,249.779364045,4.162989400749999,39.86292701899947,0.6643821169833245,900.2121033930002,15.003535056550003,2174.5343975256005,36.24223995876,12.642641846079073,1365.4053193765396,22.75675532294233
172,12,mu_0p175,0.175,0.175,173,2026-08-21 10:38:19,2026-08-21 10:53:28,0.6802658399992652,0.0113377639999877,617.70389084,10.295064847333332,250.7799316139999,4.179665526899998,40.12425648800036,0.6687376081333393,909.3247148609998,15.155411914349996,2189.768666722984,36.49614444538307,12.657622350999906,1354.36559155699,22.572759859283167
173,13,mu_0p175,0.175,0.175,174,2026-08-21 10:53:34,2026-08-21 11:09:11,0.5887030499998218,0.009811717499997,637.9323889269999,10.632206482116665,258.54150164099974,4.309025027349995,40.42773757000032,0.673795626166672,937.5092874750007,15.625154791250011,2205.486586676367,36.75810977793945,12.675210268254984,1343.5722884350282,22.392871473917136
174,14,mu_0p175,0.175,0.175,175,2026-08-21 11:09:16,2026-08-21 11:24:24,0.6170953700002428,0.0102849228333373,616.5866311640002,10.276443852733337,249.8226264999994,4.163710441666656,40.73683093300042,0.6789471822166736,907.7966181749998,15.129943636249996,2220.6955201560504,37.01159200260084,12.689688686606004,1332.4173120936305,22.206955201560508
175,15,mu_0p175,0.175,0.175,176,2026-08-21 11:24:28,2026-08-21 11:39:40,0.8076476819996969,0.0134607946999949,617.9195000249993,10.298658333749987,252.76599288499983,4.212766548083331,39.90461742000025,0.6650769570000041,911.433505936,15.190558432266668,2235.962490579917,37.266041509665286,12.70433233284044,1321.2505626154057,22.02084271025676
176,16,mu_0p175,0.175,0.175,177,2026-08-21 11:39:46,2026-08-21 11:55:22,0.3906347929996627,0.0065105798833277,642.2849783589991,10.70474963931665,253.81487272400045,4.230247878733341,39.718413852000594,0.6619735642000099,936.2281658820002,15.603802764700005,2251.664561594817,37.52774269324695,12.721268709575238,1310.2906770862496,21.83817795143749
177,17,mu_0p175,0.175,0.175,178,2026-08-21 11:55:27,2026-08-21 12:11:05,0.7518601459996717,0.0125310024333278,638.1113907030012,10.63518984505002,255.6882427070013,4.261470711783356,43.3813166559994,0.7230219442666567,937.9728091069992,15.63288015178332,2267.384347361484,37.7897391226914,12.738114311019574,1299.2876597239965,21.65479432873328
178,18,mu_0p175,0.175,0.175,179,2026-08-21 12:11:09,2026-08-21 12:26:33,0.6234767089990783,0.0103912784833179,627.3036947730016,10.455061579550026,253.6322622459993,4.227204370766655,42.33328511000036,0.7055547518333394,923.9272689380014,15.398787815633357,2282.8555202083835,38.04759200347306,12.753382794460244,1288.0916622404843,21.468194370674745
179,19,mu_0p175,0.175,0.175,180,2026-08-21 12:26:38,2026-08-21 12:42:12,0.543223244998444,0.009053720749974,632.7386648749998,10.54564441458333,260.08454002799954,4.334742333799992,41.11392442200122,0.6852320737000203,934.5028534119992,15.575047556866654,2298.5007417285674,38.30834569547612,12.769448565158708,1276.9448565158707,21.28241427526451
180,20,mu_0p175,0.175,0.175,181,2026-08-21 12:42:17,2026-08-21 12:56:24,0.4485272570000234,0.0074754542833337,552.5180503859992,9.208634173099988,251.89600522699948,4.198266753783325,42.07664988800025,0.7012774981333375,846.9615789889995,14.116026316483325,2312.703018820533,38.54505031367556,12.777364744864826,1264.9591097416176,21.08265182902696
181,21,mu_0p175,0.175,0.175,182,2026-08-21 12:56:28,2026-08-21 13:12:04,0.43956327900014,0.0073260546500023,639.2125765119999,10.653542941866666,256.0486346630005,4.2674772443833415,39.380654439000864,0.6563442406500144,935.1007103249996,15.58501183874999,2328.357859131834,38.8059643188639,12.793175050174913,1253.7311549171416,20.895519248619024
182,22,mu_0p175,0.175,0.175,183,2026-08-21 13:12:09,2026-08-21 13:27:15,0.4868558600010146,0.0081142643333502,610.3773113830011,10.172955189716683,251.59281909499987,4.193213651583331,43.36648286399941,0.7227747143999902,905.8437686189992,15.097396143649984,2343.5522875292004,39.05920479215334,12.80629665316503,1242.210775357008,20.7035129226168
183,23,mu_0p175,0.175,0.175,184,2026-08-21 13:27:20,2026-08-21 13:42:41,0.8056812320010067,0.0134280205333501,624.8159920980015,10.413599868300023,252.78759384000116,4.213126564000019,43.018267797999215,0.7169711299666536,921.462469512,15.357707825200002,2358.982348929217,39.31637248215362,12.820556244180528,1230.7733994413309,20.512889990688848
184,24,mu_0p175,0.175,0.175,185,2026-08-21 13:42:45,2026-08-21 13:58:13,0.5757980480011611,0.0095966341333526,634.8830489360007,10.581384148933346,250.15865825299989,4.169310970883331,42.47776604200044,0.707962767366674,928.1173218269996,15.468622030449994,2374.521574923934,39.575359582065566,12.83525175634559,1219.348916852831,20.322481947547185
185,25,mu_0p175,0.175,0.175,186,2026-08-21 13:58:18,2026-08-21 14:13:08,0.3707486029998108,0.0061791433833301,599.353931650001,9.989232194166682,248.57442010399973,4.142907001733329,41.61571789699883,0.6935952982833139,889.9522347419988,14.83253724569998,2389.427440732868,39.82379067888112,12.846384089961653,1207.5601044563955,20.126001740939923
186,26,mu_0p175,0.175,0.175,187,2026-08-21 14:13:12,2026-08-21 14:28:42,0.4548280319977493,0.0075804671999624,630.5817691580014,10.509696152633357,255.7229947850028,4.26204991308338,42.82194292799977,0.7136990487999962,929.6009449030024,15.493349081716708,2404.994219639567,40.083236993992784,12.860931655826562,1196.0666439918705,19.93444406653117
187,27,mu_0p175,0.175,0.175,188,2026-08-21 14:28:46,2026-08-21 14:44:39,0.5694601659997716,0.0094910027666628,652.285005578,10.871416759633332,257.2143927609977,4.2869065460166285,42.96196655400127,0.7160327759000211,953.0685676409994,15.88447612734999,2420.950475360717,40.34917458934528,12.877396145535728,1184.720445389287,19.745340756488115
188,28,mu_0p175,0.175,0.175,189,2026-08-21 14:44:43,2026-08-21 14:59:56,0.3949708510008349,0.0065828475166805,621.405489574001,10.356758159566684,250.817513025002,4.180291883750033,40.18712595100078,0.6697854325166797,912.8241416640012,15.21373569440002,2436.237042960517,40.60395071600862,12.890143084447182,1173.0030206846936,19.550050344744893
189,29,mu_0p175,0.175,0.175,190,2026-08-21 15:00:01,2026-08-21 15:15:35,0.6865949050006748,0.0114432484166779,636.7448166520007,10.612413610866678,254.59185260699812,4.243197543449969,42.44152805900012,0.7073588009833354,934.496993503999,15.574949891733317,2451.8862541074504,40.86477090179084,12.904664495302372,1161.4198045772134,19.356996742953555
190,30,mu_0p175,0.175,0.175,191,2026-08-21 15:15:40,2026-08-21 15:31:07,0.4421928679985285,0.0073698811333088,632.931531618,10.5488588603,251.7706046380008,4.19617674396668,41.981970298002125,0.6996995049667021,927.1448591980006,15.452414319966676,2467.411051019967,41.12351751699945,12.918382466073126,1149.7360394805082,19.16226732467514
191,31,mu_0p175,0.175,0.175,192,2026-08-21 15:31:11,2026-08-21 15:46:09,0.4387733699986711,0.0073128894999778,602.4596893520029,10.04099482253338,251.71364742700095,4.195227457116683,43.22588290500062,0.7204313817500103,897.8579840780003,14.964299734633338,2482.448297184934,41.374138286415565,12.929418214504864,1137.788802876428,18.96314671460713
192,32,mu_0p175,0.175,0.175,193,2026-08-21 15:46:13,2026-08-21 16:01:40,0.6081954000001133,0.0101365900000018,632.8643651929997,10.547739419883328,253.24164797100093,4.220694132850015,39.43627641000057,0.6572712735000096,926.191011936,15.4365168656,2497.9579433207678,41.632632388679454,12.942787271092056,1126.0224925850089,18.767041543083483
193,33,mu_0p175,0.175,0.175,194,2026-08-21 16:01:44,2026-08-21 16:16:50,0.5968805739976233,0.009948009566627,614.1575345639976,10.23595890939996,250.55373456300003,4.17589557605,40.71407394299968,0.6785678990499946,906.0562586359993,15.10093764393332,2513.135433234684,41.8855905539114,12.954306356879814,1114.070346691664,18.56783911152773
194,34,mu_0p175,0.175,0.175,195,2026-08-21 16:16:55,2026-08-21 16:32:05,0.5302713050004968,0.0088378550833416,616.3808349710016,10.27301391618336,253.92023073000016,4.232003845500003,39.77554901400072,0.662925816900012,910.6281837329988,15.17713639554998,2528.3864107569007,42.13977351261501,12.966084157727694,1102.117153406854,18.368619223447567
195,35,mu_0p175,0.175,0.175,196,2026-08-21 16:32:11,2026-08-21 16:47:49,0.7272847370004456,0.0121214122833407,642.3862114099975,10.70643685683329,253.98572305299967,4.233095384216662,41.63738125999953,0.6939563543333255,938.7688674830024,15.646147791383374,2544.119986360284,42.4019997726714,12.980204012042265,1090.33713701155,18.17228561685917
196,36,mu_0p175,0.175,0.175,197,2026-08-21 16:47:54,2026-08-21 17:03:20,0.6079635269998107,0.0101327254499968,630.8236764079993,10.513727940133322,251.0881056670005,4.184801761116675,43.686515740002505,0.7281085956667084,926.2383547360004,15.437305912266677,2559.6324008513675,42.66054001418946,12.993057872341968,1078.4238034043833,17.973730056739722
197,37,mu_0p175,0.175,0.175,198,2026-08-21 17:03:24,2026-08-21 17:18:40,0.6737229979989934,0.0112287166333165,619.6529140429993,10.327548567383324,253.23307780699903,4.220551296783317,42.45612787400023,0.7076021312333372,916.048623294002,15.267477054900034,2574.970836378067,42.91618060630112,13.00490321403064,1066.4020635505126,17.773367725841876
198,38,mu_0p175,0.175,0.175,199,2026-08-21 17:18:46,2026-08-21 17:34:27,0.4731554740028514,0.0078859245667141,644.4327481420005,10.740545802366675,255.0348655580019,4.250581092633365,41.38171216199771,0.6896952026999619,941.3429261339988,15.689048768899982,2590.7502505778007,43.17917084296335,13.018845480290455,1054.526483903527,17.575441398392115
199,39,mu_0p175,0.175,0.175,200,2026-08-21 17:34:32,2026-08-21 17:50:09,0.4644517790002282,0.0077408629833371,635.8059849769998,10.596766416283328,257.2097325750001,4.286828876250001,43.29666157400061,0.7216110262333435,936.7977630280002,15.61329605046667,2606.4531351175337,43.44088558529223,13.03226567558767,1042.5812540470135,17.376354234116892
200,0,mu_0p225,0.225,0.225,201,2026-08-21 17:50:14,2026-08-21 18:05:52,0.8317048780008918,0.0138617479666815,642.7008253499989,10.711680422499985,252.11826678299985,4.201971113049997,42.507059035000566,0.708450983916676,938.1920593759968,15.63653432293328,2622.164287790584,43.70273812984306,13.045593471594945,1030.6018842560006,17.176698070933345
201,1,mu_0p225,0.225,0.225,202,2026-08-21 18:05:56,2026-08-21 18:21:32,0.4587297779980872,0.0076454962999681,642.3829641759985,10.706382736266642,253.12028688899957,4.218671448149992,40.06513143699704,0.6677521906166173,936.0471708279983,15.600786180466638,2637.839577733784,43.96399296222973,13.058611770959326,1018.5717181348276,16.976195302247124
202,2,mu_0p225,0.225,0.225,203,2026-08-21 18:21:38,2026-08-21 18:37:06,0.4875570789990888,0.0081259513166514,633.3518754090001,10.55586459015,254.62679841800127,4.243779973633354,38.99066324599698,0.6498443874332831,927.4777396050011,15.45796232675002,2653.395273455567,44.22325455759278,13.07091267712102,1006.4602761383188,16.774337935638645
203,3,mu_0p225,0.225,0.225,204,2026-08-21 18:37:12,2026-08-21 18:52:19,0.4999798529970576,0.0083329975499509,618.3514608209953,10.305857680349922,248.74868383500143,4.145811397250024,39.36916529200244,0.6561527548667072,906.9899929849998,15.11649988308333,2668.616544259917,44.47694240433196,13.081453648332928,994.1904772733026,16.569841287888377
204,4,mu_0p225,0.225,0.225,205,2026-08-21 18:52:24,2026-08-21 19:07:20,0.7632303110003704,0.0127205051833395,603.9217008940032,10.06536168156672,252.4563805060025,4.207606341766708,39.430943639999896,0.6571823939999982,896.6089038860009,14.943481731433348,2683.6361777634334,44.72726962939056,13.090908184211871,981.8181138158905,16.363635230264837
205,5,mu_0p225,0.225,0.225,206,2026-08-21 19:07:26,2026-08-21 19:22:51,0.6905850370021653,0.0115097506167027,626.4239910799952,10.440399851333252,258.16874527899927,4.302812421316655,40.02623656499782,0.6671039427499637,925.3477197280008,15.42246199546668,2699.149861434867,44.98583102391445,13.102669230266343,969.5975230397096,16.159958717328493
206,6,mu_0p225,0.225,0.225,207,2026-08-21 19:22:57,2026-08-21 19:38:50,0.4136302180049824,0.0068938369667497,652.4231667170025,10.873719445283374,257.6876389800018,4.29479398300003,42.22257212499972,0.7037095354166619,952.767703259,15.879461720983333,2715.1316577102,45.25219429517001,13.116578056571017,957.5101981296842,15.958503302161404
207,7,mu_0p225,0.225,0.225,208,2026-08-21 19:38:55,2026-08-21 19:49:30,0.8010814119988936,0.0133513568666482,423.1163076559969,7.0519384609332825,181.26093177700383,3.021015529616731,30.54202811900177,0.5090338019833628,635.755076788002,10.5959179464667,2725.8036933218336,45.4300615553639,13.104825448662664,943.5474323037116,15.725790538395197
208,8,mu_0p225,0.225,0.225,209,2026-08-21 19:49:35,2026-08-21 20:05:02,0.5418372929998441,0.0090306215499974,631.7669190700035,10.529448651166724,252.07208033300407,4.201201338883402,43.35574915499456,0.7225958192499092,927.756335421007,15.462605590350115,2741.338591396234,45.68897652327056,13.1164525904126,931.2681339192948,15.52113556532158
209,9,mu_0p225,0.225,0.225,210,2026-08-21 20:05:07,2026-08-21 20:20:36,0.4215527100022882,0.0070258785000381,631.2754156610026,10.521256927683377,254.35878318000323,4.239313053000054,43.31061339300504,0.721843556550084,929.3978710769952,15.48996451794992,2756.9053591519337,45.94842265253223,13.128120757866352,918.9684530506446,15.316140884177411
210,10,mu_0p225,0.225,0.225,211,2026-08-21 20:20:41,2026-08-21 20:35:51,0.5338885730016045,0.00889814288336,615.9524375129986,10.265873958549976,251.19591547200253,4.186598591200042,42.06702462200337,0.7011170770333895,909.780334313,15.163005571883332,2772.144923410984,46.20241539018306,13.13812759910419,906.530804338189,15.108846738969817
211,11,mu_0p225,0.225,0.225,212,2026-08-21 20:35:55,2026-08-21 20:51:09,0.493007591998321,0.008216793199972,624.2585674430011,10.404309457383352,246.960883259002,4.116014720983367,42.26317375399958,0.7043862292333264,913.9948627049962,15.233247711749936,2787.453052411067,46.45755087351778,13.148363454769184,894.0887149243044,14.90147858207174
212,12,mu_0p225,0.225,0.225,213,2026-08-21 20:51:14,2026-08-21 21:07:08,0.514234944996133,0.0085705824166022,655.1770813170006,10.91961802195001,254.61175935999927,4.243529322666655,44.23889849399711,0.7373149748999519,954.5631021779992,15.909385036299986,2803.438888882084,46.72398148136806,13.16168492432903,881.8328899300451,14.697214832167418
213,13,mu_0p225,0.225,0.225,214,2026-08-21 21:07:13,2026-08-21 21:22:29,0.4458073409987264,0.0074301223499787,620.4385828079976,10.34064304679996,252.5795853890013,4.209659756483355,42.21251979299996,0.7035419965499993,915.6961075740036,15.26160179290006,2818.7751985195005,46.97958664199167,13.171846722053742,869.3418836555469,14.489031394259117
214,14,mu_0p225,0.225,0.225,215,2026-08-21 22:44:38,2026-08-21 23:00:40,0.5109992999999804,0.0085166549999996,658.834395539,10.980573258983332,257.96331353999994,4.299388558999999,44.74915704799992,0.7458192841333319,962.079764769,16.034662746149998,2831.8296695858835,47.197161159764725,13.171300788771552,856.1345512701507,14.268909187835844
215,15,mu_0p225,0.225,0.225,216,2026-08-21 23:00:45,2026-08-21 23:16:57,0.490955385999996,0.0081825897666666,663.104384103,11.05173973505,266.0344617710002,4.433907696183337,41.99352735999992,0.6998921226666652,971.6457686149996,16.19409614358333,2848.112339647067,47.468538994117786,13.18570527614383,843.8851376732051,14.064752294553418
216,16,mu_0p225,0.225,0.225,217,2026-08-21 23:17:04,2026-08-21 23:33:19,0.496317364999868,0.0082719560833311,667.6405117650002,11.127341862750002,264.59767410099994,4.409961235016666,42.23339135100014,0.7038898558500023,974.9893332800002,16.249822221333336,2864.4797646089505,47.74132941014918,13.20036757884309,831.6231574671147,13.860385957785244
217,17,mu_0p225,0.225,0.225,218,2026-08-21 23:33:26,2026-08-21 23:49:08,0.4967050529999142,0.0082784175499985,639.1235443309997,10.652059072183327,260.1539206710004,4.335898677850007,42.63866343399968,0.7106443905666614,942.43277426,15.70721290433333,2880.296344818167,48.00493908030278,13.212368554211777,819.1668503611302,13.652780839352168
218,18,mu_0p225,0.225,0.225,219,2026-08-21 23:49:14,2026-08-22 00:05:09,0.5256337150003674,0.0087605619166727,649.9150220019992,10.831917033366654,262.9075846750002,4.38179307791667,41.88388933400074,0.6980648222333456,955.2576320379994,15.920960533966657,2896.315701702617,48.27192836171028,13.225185852523364,806.7363370039253,13.445605616732088
219,19,mu_0p225,0.225,0.225,220,2026-08-22 00:05:16,2026-08-22 00:21:06,0.4687591769998107,0.0078126529499968,645.0628951250001,10.751048252083336,260.6282172450001,4.343803620750001,44.14784242300084,0.7357973737166806,950.33261098,15.838876849666669,2912.264031990017,48.53773386650028,13.237563781772804,794.2538269063683,13.237563781772806
220,20,mu_0p225,0.225,0.225,221,2026-08-22 00:21:12,2026-08-22 00:37:27,0.6941467540000303,0.0115691125666671,665.4139108239997,11.09023184706666,264.7604983440005,4.412674972400009,44.53079555299973,0.7421799258833289,975.4391914000008,16.25731985666668,2928.618248193167,48.81030413655278,13.251666281417045,781.8483106036056,13.03080517672676
221,21,mu_0p225,0.225,0.225,222,2026-08-22 00:37:33,2026-08-22 00:53:22,0.469019494999884,0.0078169915833314,643.5867038660008,10.726445064433346,261.664601859,4.36107669765,43.9940030430007,0.7332333840500117,949.7363031319992,15.82893838553332,2944.5356977052,49.07559496175334,13.263674313987387,769.2931102112685,12.821551836854477
222,22,mu_0p225,0.225,0.225,223,2026-08-22 00:53:30,2026-08-22 01:09:39,0.4682858910000504,0.0078047648500008,660.9038724220009,11.015064540366682,263.565362411,4.392756040183333,44.82227452599909,0.7470379087666515,969.7810582639996,16.163017637733326,2960.816808497767,49.34694680829612,13.277205419272498,756.8007088985324,12.613345148308872
223,23,mu_0p225,0.225,0.225,224,2026-08-22 01:09:45,2026-08-22 01:26:01,0.7028728120003507,0.0117145468666725,663.6939714510008,11.061566190850014,266.81652374999976,4.446942062499996,44.95397643199976,0.7492329405333293,976.2202905099984,16.27033817516664,2977.176491008684,49.619608183478064,13.29096647771734,744.294122752171,12.404902045869516
224,24,mu_0p225,0.225,0.225,225,2026-08-22 01:26:08,2026-08-22 01:42:14,0.5863727910000307,0.0097728798500005,655.3411103509989,10.922351839183314,266.5990384959987,4.443317308266645,43.97618598199915,0.7329364330333192,966.5235553130004,16.10872592188334,2993.3968179317503,49.88994696552917,13.303985857474446,731.7192221610945,12.195320369351576
225,25,mu_0p225,0.225,0.225,226,2026-08-22 01:42:19,2026-08-22 01:58:09,0.4828531210005167,0.0080475520166752,647.664350776,10.794405846266669,261.2064952290002,4.353441587150003,39.81780206099938,0.6636300343499897,949.1919875620006,15.819866459366676,3009.30391584925,50.155065264154175,13.315504052430311,719.0372188312369,11.98395364718728
226,26,mu_0p225,0.225,0.225,227,2026-08-22 01:58:16,2026-08-22 02:14:13,0.4580719229998067,0.0076345320499967,648.0433888590014,10.800723147650023,264.51275921699926,4.408545986949988,44.53491599000154,0.7422485998333589,957.5695322909996,15.959492204849994,3025.384038020117,50.42306730033528,13.327682986872762,706.3671983042565,11.772786638404272
227,27,mu_0p225,0.225,0.225,228,2026-08-22 02:14:19,2026-08-22 02:30:11,0.6190343599992048,0.01031723933332,644.8397662900006,10.747329438166677,264.02520383000046,4.400420063833341,42.77536562800015,0.7129227604666691,952.2939726570004,15.871566210950004,3041.346601149284,50.689110019154725,13.339239478724927,693.6404528936963,11.560674214894938
228,28,mu_0p225,0.225,0.225,229,2026-08-22 02:30:17,2026-08-22 02:46:19,0.4491329039992706,0.0074855483999878,653.8686347150015,10.897810578583355,264.54928650200054,4.409154775033342,43.082650008998826,0.7180441668166471,961.9703614419996,16.032839357366658,3057.4823620227835,50.95803936704639,13.351451362544909,680.9240194897902,11.348733658163171
229,29,mu_0p225,0.225,0.225,230,2026-08-22 02:46:24,2026-08-22 03:02:17,0.5478259729989077,0.0091304328833151,649.9670652339992,10.832784420566652,261.5778578729987,4.359630964549979,40.20989394599928,0.6701648990999881,952.323514361,15.872058572683333,3073.441206521567,51.224020108692784,13.362787854441596,668.1393927220798,11.135656545367995
230,30,mu_0p225,0.225,0.225,231,2026-08-22 03:02:24,2026-08-22 03:18:19,0.4302558279996447,0.0071709304666607,650.0967516319997,10.83494586053333,260.5241138499987,4.342068564166644,43.609794653999415,0.7268299108999903,954.6825947609976,15.911376579349962,3089.4737362556334,51.49122893759389,13.374345178595815,655.342913751195,10.92238189585325
231,31,mu_0p225,0.225,0.225,232,2026-08-22 03:18:24,2026-08-22 03:34:19,0.5381344189991069,0.0089689069833184,648.1219128400007,10.80203188066668,262.7676965440005,4.379461609066675,43.18210545499824,0.7197017575833039,954.6323108370016,15.910538513950026,3105.4760980486835,51.75793496747806,13.38567283641674,642.5122961480034,10.708538269133392
232,32,mu_0p225,0.225,0.225,233,2026-08-22 03:34:24,2026-08-22 03:50:42,0.7079020309975022,0.0117983671832917,666.1212689420026,11.102021149033378,268.0757274710013,4.467928791183355,42.474981244002265,0.7079163540667044,977.4018495490018,16.290030825816697,3121.8568595225506,52.03094765870917,13.3985272940882,629.7307828221454,10.495513047035756
233,33,mu_0p225,0.225,0.225,234,2026-08-22 03:50:48,2026-08-22 04:07:17,0.6000482929994178,0.0100008048833236,668.5537128659998,11.142561881099995,274.2991073610028,4.571651789350047,45.281217122999806,0.7546869520499968,988.7557121120008,16.479261868533346,3138.445783799067,52.30742972998445,13.412161469226785,616.959427584432,10.2826571264072
234,34,mu_0p225,0.225,0.225,235,2026-08-22 04:07:23,2026-08-22 04:23:36,0.4583016340002359,0.0076383605666705,656.1995155069999,10.936658591783331,270.05099933999736,4.500849988999956,46.57291570799862,0.776215261799977,973.3064826909977,16.221774711516627,3154.7655611250334,52.57942601875056,13.424534302659715,604.1040436196873,10.068400726994788
235,35,mu_0p225,0.225,0.225,236,2026-08-22 04:23:42,2026-08-22 04:40:19,0.707402670999727,0.0117900445166621,684.597357329003,11.409955955483383,267.3438151190021,4.455730251983368,43.987108080000326,0.7331184680000055,996.6739917179984,16.611233195299974,3171.4738813646336,52.857898022743896,13.43844864985014,591.2917405934062,9.854862343223436
236,36,mu_0p225,0.225,0.225,237,2026-08-22 04:40:24,2026-08-22 04:56:26,0.6884307119980804,0.011473845199968,651.5034530060002,10.858390883433335,265.6785484689972,4.42797580781662,44.09625924499778,0.7349376540832964,961.9888347230008,16.033147245383347,3187.59876599315,53.12664609988584,13.449783822755908,578.340704378504,9.639011739641733
237,37,mu_0p225,0.225,0.225,238,2026-08-22 04:56:32,2026-08-22 05:12:33,0.6478704219989595,0.0107978403666493,653.1564370920023,10.885940618200038,263.93315085499853,4.398885847583309,43.22204310200323,0.7203673850333872,960.996846883998,16.016614114733297,3203.705212861484,53.39508688102473,13.460946272527243,565.3597434461442,9.42266239076907
238,38,mu_0p225,0.225,0.225,239,2026-08-22 05:12:38,2026-08-22 05:28:32,0.6540177710012358,0.0109002961833539,651.1104773320003,10.851841288866671,261.79575034400114,4.363262505733352,40.10453457700351,0.668408909616725,953.687684755998,15.894794745933298,3219.6897855377338,53.6614964256289,13.47150537881897,552.3317205315778,9.205528675526296
239,39,mu_0p225,0.225,0.225,240,2026-08-22 05:28:39,2026-08-22 05:44:31,0.5238668580022932,0.0087311143000382,649.2152689100003,10.820254481833338,259.0022118349989,4.316703530583315,42.78336093899998,0.7130560156499997,951.5452136659987,15.859086894433313,3235.6699225977504,53.92783204329584,13.48195801082396,539.2783204329584,8.987972007215973
240,0,mu_0p300,0.3,0.3,241,2026-08-22 05:44:36,2026-08-22 06:00:14,0.4937249829999928,0.0082287497166665,631.9501203270011,10.532502005450018,260.7577767059993,4.345962945099988,44.6506288519995,0.744177147533325,937.889662595,15.631494376583335,3251.3912621007835,54.18985436834639,13.491250050210718,526.158751958218,8.769312532636967
241,1,mu_0p300,0.3,0.3,242,2026-08-22 06:00:20,2026-08-22 06:16:03,0.5371925690014905,0.0089532094833581,637.0562526469985,10.617604210783307,263.1581402589982,4.385969004316636,42.26997919899805,0.7044996533166341,943.0426503759992,15.71737750626665,3267.2065001491337,54.45344166915223,13.500853306401378,513.0324256432524,8.550540427387539
242,2,mu_0p300,0.3,0.3,243,2026-08-22 06:16:09,2026-08-22 06:32:31,0.493688911999925,0.008228148533332,670.5697536610023,11.176162561016705,264.9083937940013,4.415139896566688,45.36811445200146,0.756135240866691,981.3606108990024,16.356010181650042,3283.6712468041005,54.72785411340168,13.513050398370783,499.982864739719,8.333047745661982
243,3,mu_0p300,0.3,0.3,244,2026-08-22 06:32:36,2026-08-22 06:48:37,0.513230382999609,0.0085538397166601,649.6019535490013,10.82669922581669,264.9031192140028,4.415051986900047,45.34101372000077,0.7556835620000129,960.3869522140012,16.006449203566685,3299.7747449873336,54.99624574978889,13.523666987653009,486.8520115555083,8.114200192591804
244,4,mu_0p300,0.3,0.3,245,2026-08-22 06:48:42,2026-08-22 07:04:58,0.5420369380008196,0.0090339489666803,664.2569032280007,11.070948387133344,264.4875756750007,4.408126261250012,46.22223997199762,0.7703706661999604,975.5559749250024,16.25926624875004,3316.1237759457667,55.26872959909611,13.535199085492929,473.7319679922524,7.895532799870874
245,5,mu_0p300,0.3,0.3,246,2026-08-22 07:05:03,2026-08-22 07:21:02,0.5867914560003555,0.0097798576000059,650.112482515,10.835208041916667,263.379287705,4.389654795083334,44.36412820999976,0.7394021368333293,958.4679782060012,15.974466303433353,3332.190211310184,55.5365035218364,13.545488663862535,460.54661457132624,7.675776909522104
246,6,mu_0p300,0.3,0.3,247,2026-08-22 07:21:07,2026-08-22 07:37:00,0.4567252979977638,0.0076120882999627,648.2787407280011,10.80464567880002,263.80061973400007,4.396676995566668,39.97083934200055,0.6661806557000091,952.5362695909972,15.875604493183284,3348.157906986634,55.80263178311056,13.555295169986373,447.3247406095503,7.455412343492505
247,7,mu_0p300,0.3,0.3,248,2026-08-22 07:37:07,2026-08-22 07:53:09,0.4885841809991689,0.0081430696833194,654.6953153409959,10.911588589016596,263.42647967299854,4.390441327883309,43.483393865994,0.7247232310999,962.1147581760016,16.035245969600023,3364.315680554517,56.07192800924195,13.56578903449402,434.1052491038087,7.235087485063477
248,8,mu_0p300,0.3,0.3,249,2026-08-22 07:53:15,2026-08-22 08:09:21,0.4907613339964882,0.0081793555666081,664.0348583240047,11.067247638733413,257.13210619500023,4.285535103250004,44.772738159001165,0.7462123026500194,966.4504569889978,16.107507616483296,3380.513160179734,56.341886002995565,13.57635807301098,420.8671002633404,7.0144516710556735
249,9,mu_0p300,0.3,0.3,250,2026-08-22 08:09:27,2026-08-22 08:25:06,0.5660980739994557,0.0094349678999909,634.7389898249967,10.578983163749944,259.30962622399966,4.321827103733328,44.07488340300188,0.7345813900500313,938.7271165979982,15.645451943299973,3396.2532443255336,56.6042207387589,13.585012977302137,407.550389319064,6.792506488651067
250,10,mu_0p300,0.3,0.3,251,2026-08-22 08:25:11,2026-08-22 08:41:04,0.3890603920008288,0.0064843398666804,652.168228292001,10.86947047153335,260.165559811001,4.336092663516683,40.02406754500407,0.6670677924167345,952.767164676996,15.879452744616598,3412.2234412836,56.870390688060006,13.5945157023251,394.2409553674279,6.570682589457132
251,11,mu_0p300,0.3,0.3,252,2026-08-22 08:41:10,2026-08-22 08:57:16,0.7254039730032673,0.0120900662167211,651.3137580639959,10.8552293010666,270.0703442990052,4.5011724049834205,44.25853944600385,0.7376423241000641,966.404454980002,16.106740916333365,3428.42970046145,57.14049500769084,13.604879763735912,380.9366333846056,6.348943889743426
252,12,mu_0p300,0.3,0.3,253,2026-08-22 08:57:22,2026-08-22 09:13:45,0.6085679329989944,0.0101427988833165,666.7363298079945,11.112272163466574,271.0299243690024,4.51716540615004,44.02864651200071,0.7338107752000117,982.4260757390002,16.373767928983337,3444.904179946634,57.41506966577723,13.616222055125036,367.637995488376,6.127299924806266
253,13,mu_0p300,0.3,0.3,254,2026-08-22 09:13:50,2026-08-22 09:30:03,0.6018433100034599,0.0100307218333909,664.7563513360001,11.079272522266669,265.40541035399656,4.423423505899943,41.76747771100054,0.6961246285166757,972.5714227579956,16.20952371263326,3461.206563302417,57.68677605504028,13.626797493316603,354.29673482623167,5.904945580437194
254,14,mu_0p300,0.3,0.3,255,2026-08-22 09:30:10,2026-08-22 09:46:06,0.3939133700041566,0.0065652228334026,645.0988284850027,10.751647141416711,266.7674122030003,4.446123536716671,44.45345012200414,0.7408908353667357,956.7352943090008,15.945588238483348,3477.2657031494505,57.95442838582417,13.636336090782155,340.908402269554,5.6818067044925655
255,15,mu_0p300,0.3,0.3,256,2026-08-22 09:46:12,2026-08-22 10:02:26,0.6326606880029431,0.010544344800049,663.6589507640019,11.060982512733366,265.9559084659995,4.432598474433325,43.56687635999697,0.7261146059999495,973.8478483470026,16.230797472450043,3493.588456058284,58.22647426763807,13.646829906477672,327.5239177554641,5.458731962591068
256,16,mu_0p300,0.3,0.3,257,2026-08-22 10:02:31,2026-08-22 10:18:32,0.4659083760052454,0.0077651396000874,653.9688325809984,10.89948054301664,262.77728060099616,4.379621343349936,43.6973846730034,0.7282897445500567,960.9556756759994,16.015927927933323,3509.6959313752504,58.49493218958751,13.656404402238328,314.09730125148155,5.234955020858026
257,17,mu_0p300,0.3,0.3,258,2026-08-22 10:18:37,2026-08-22 10:34:25,0.4794409070018446,0.007990681783364,646.8183650770006,10.780306084616678,260.5845810269966,4.343076350449944,40.01663346499845,0.6669438910833075,947.9319070830024,15.79886511805004,3525.58451506855,58.759741917809166,13.66505625995562,300.63123771902366,5.0105206286503945
258,18,mu_0p300,0.3,0.3,259,2026-08-22 19:28:06,2026-08-22 19:43:49,0.6408738009999979,0.0106812300166666,634.674530281,10.577908838016668,261.7868783069998,4.363114638449997,45.84297225699993,0.7640495376166655,942.97839199,15.716306533166668,3538.4928080367667,58.97488013394611,13.662134393964353,286.9048222732514,4.781747037887523
259,19,mu_0p300,0.3,0.3,260,2026-08-22 19:43:55,2026-08-22 19:59:59,0.4684046759998637,0.0078067445999977,655.8848861870001,10.931414769783336,264.0694475730006,4.40115745955001,43.48087065599975,0.7246811775999958,963.9366884060004,16.065611473433343,3554.649463942583,59.2441577323764,13.671728707471477,273.4345741494295,4.557242902490492
260,20,mu_0p300,0.3,0.3,261,2026-08-22 20:00:04,2026-08-22 20:16:15,0.729583714999535,0.0121597285833255,660.9955691080004,11.016592818466671,265.467938926,4.424465648766667,43.37135243000012,0.7228558738333353,970.600802281,16.17668003801667,3570.925440177217,59.51542400295361,13.681706667345658,259.9524266795675,4.332540444659458
261,21,mu_0p300,0.3,0.3,262,2026-08-22 20:16:21,2026-08-22 20:32:05,0.5631915650001247,0.0093865260833354,642.3166473169995,10.705277455283325,259.46827490799933,4.324471248466655,41.4200475130001,0.6903341252166684,943.803068401,15.730051140016666,3586.7621832696,59.77936972116,13.689931997212216,246.41877594981983,4.106979599163664
262,22,mu_0p300,0.3,0.3,263,2026-08-22 20:32:12,2026-08-22 20:47:54,0.4116361160004089,0.0068606019333401,636.2278798940006,10.603797998233343,261.040115408,4.350668590133334,44.35369740100032,0.739228290016672,942.0532634579996,15.700887724299992,3602.570426592133,60.04284044320222,13.697986412897846,232.86576901926335,3.881096150321056
263,23,mu_0p300,0.3,0.3,264,2026-08-22 20:47:59,2026-08-22 21:04:08,0.5632604930005982,0.0093876748833433,658.7273676839995,10.978789461399993,265.48470235900004,4.424745039316667,44.40649185099937,0.7401081975166562,969.2016434160004,16.15336072360001,3618.8104766276833,60.313507943794725,13.707615441771528,219.32184706834445,3.6553641178057408
264,24,mu_0p300,0.3,0.3,265,2026-08-22 21:04:13,2026-08-22 21:20:03,0.460795124001379,0.0076799187333563,645.3119979819985,10.75519996636664,258.59087997799907,4.309847999633318,44.82385070499913,0.7470641784166522,949.2070186809996,15.820116978016662,3634.7171483701504,60.57861913950251,13.715913767434529,205.73870651151796,3.428978441858632
265,25,mu_0p300,0.3,0.3,266,2026-08-22 21:20:08,2026-08-22 21:35:58,0.4510870850008359,0.0075181180833472,646.9549081870009,10.78258180311668,260.33030392,4.338838398666667,42.85361935400033,0.7142269892333388,950.6102395069992,15.84350399178332,3650.6477270639502,60.84412878439917,13.724239575428385,192.1393540559974,3.2023225675999565
266,26,mu_0p300,0.3,0.3,267,2026-08-22 21:36:05,2026-08-22 21:51:51,0.3867089720006333,0.0064451495333438,642.7912363569994,10.713187272616658,263.050982535,4.38418304225,40.4457615070005,0.674096025116675,946.6952992749992,15.778254987916656,3666.5302198114337,61.10883699685722,13.732322920642073,178.5201979683469,2.975336632805782
267,27,mu_0p300,0.3,0.3,268,2026-08-22 21:51:58,2026-08-22 22:08:03,0.5724046960003761,0.0095400782666729,655.6577667199999,10.927629445333332,265.49364715499905,4.424894119249984,43.32393455500096,0.7220655759166826,965.068109852,16.084468497533333,3682.722895113567,61.37871491855944,13.741503339975994,164.8980400797119,2.7483006679951987
268,28,mu_0p300,0.3,0.3,269,2026-08-22 22:08:08,2026-08-22 22:24:04,0.6524324500005605,0.010873874166676,654.4127580190016,10.906879300316692,259.95062759400025,4.332510459900004,40.372179832000256,0.6728696638666709,955.422978703,15.923716311716666,3698.739635673967,61.64566059456611,13.74996147090694,151.24957617997634,2.5208262696662724
269,29,mu_0p300,0.3,0.3,270,2026-08-22 22:24:11,2026-08-22 22:40:03,0.4043950610011961,0.0067399176833532,648.522450339,10.80870750565,262.08142593499906,4.368023765583318,40.54774536699915,0.6757957561166525,951.576448496,15.859607474933334,3714.72064524515,61.91201075408584,13.758224612019074,137.58224612019075,2.2930374353365126
270,30,mu_0p300,0.3,0.3,271,2026-08-22 22:40:10,2026-08-22 22:55:57,0.4232242109992512,0.0070537368499875,646.3286673029997,10.772144455049997,259.7446704040012,4.329077840066687,40.33135951300028,0.6721893252166713,946.84787392,15.780797898666666,3730.624864765884,62.17708107943139,13.766143412420234,123.89529071178212,2.064921511863035
271,31,mu_0p300,0.3,0.3,272,2026-08-22 22:56:04,2026-08-22 23:11:21,0.4398806350000086,0.0073313439166668,616.4338690069999,10.27389781678333,259.43614851500024,4.323935808583338,40.32226525999977,0.6720377543333295,916.6527506710008,15.27754584451668,3746.0196008714834,62.43366001452472,13.772130885556924,110.17704708445538,1.8362841180742564
272,32,mu_0p300,0.3,0.3,273,2026-08-22 23:11:28,2026-08-22 23:27:16,0.398369085000013,0.0066394847500002,648.3053906160003,10.805089843600005,259.68522969900005,4.328087161650001,39.79956682199918,0.6633261136999863,948.208981163998,15.803483019399968,3761.944192686,62.6990698781,13.780015357824174,96.46010750476924,1.6076684584128205
273,33,mu_0p300,0.3,0.3,274,2026-08-22 23:27:23,2026-08-22 23:42:52,0.4318959580014052,0.00719826596669,625.7032866320005,10.428388110533342,259.348913900998,4.322481898349967,43.31054327699894,0.7218423879499823,928.8147877279988,15.480246462133316,3777.54571976025,62.9590953293375,13.78666321080383,82.71997926482298,1.3786663210803831
274,34,mu_0p300,0.3,0.3,275,2026-08-22 23:42:58,2026-08-22 23:58:31,0.5542587589989125,0.0092376459833152,636.2043764500013,10.603406274166687,252.4944734189994,4.20824122364999,44.35586677799802,0.7392644462999669,933.6419831380008,15.56069971896668,3793.193885045383,63.21989808408972,13.79343230925594,68.9671615462797,1.149452692437995
275,35,mu_0p300,0.3,0.3,276,2026-08-22 23:58:37,2026-08-23 00:14:30,0.5973973269974522,0.0099566221166242,653.1470041129978,10.885783401883296,259.2339092910006,4.32056515485001,40.68636756900014,0.6781061261500023,953.6983646000008,15.894972743333346,3809.1800920639,63.48633486773167,13.80137714515906,55.20550858063624,0.9200918096772706
276,36,mu_0p300,0.3,0.3,277,2026-08-23 00:14:36,2026-08-23 00:30:32,0.6485808850011381,0.0108096814166856,654.0443999700001,10.9007399995,260.4268785439999,4.340447975733332,40.68336839299809,0.6780561398833015,955.8451789479986,15.930752982466643,3825.2031443486,63.75338573914333,13.809397633027436,41.42819289908231,0.6904698816513719
277,37,mu_0p300,0.3,0.3,278,2026-08-23 00:30:39,2026-08-23 00:46:46,0.4550098219988285,0.0075834970333138,661.8497956399988,11.030829927333311,262.9583090239976,4.382638483733293,41.20351790600034,0.6867252984333391,966.4884383919998,16.108140639866665,3841.4346127289514,64.02391021214918,13.818110117730038,27.63622023546008,0.4606036705910012
278,38,mu_0p300,0.3,0.3,279,2026-08-23 00:46:52,2026-08-23 01:02:18,0.3875553709985979,0.0064592561833099,627.8110401369995,10.46351733561666,253.3334837399998,4.222224728999996,43.96316943000056,0.7327194905000094,925.5144856109982,15.42524142684997,3856.973120778484,64.28288534630805,13.824276418560872,13.824276418560872,0.2304046069760145
279,39,mu_0p300,0.3,0.3,280,2026-08-23 01:02:23,2026-08-23 01:18:35,0.674220212000364,0.0112370035333394,662.3985133009992,11.03997522168332,268.358280597,4.47263800995,40.72003403100098,0.6786672338500163,972.1828042200032,16.203046737000054,3873.2652557977,64.55442092996167,13.8330901992775,0.0,0.0
